event_index,entry_index,exit_index,timestamp,exit_time,label,gross_return,outcome,price_kijun_atr,price_cloud_atr,cloud_width_atr,tenkan_kijun_atr,kijun_slope_3_atr,atr_pct,volume_z_20,ret_1,ret_3,ret_12,bars_since_tk_cross,symbol
30,31,35,2020-01-06 00:00:00+00:00,2020-01-06 20:00:00+00:00,1,0.019883558742796792,PROFIT,3.1550635372465283,2.1517367257515163,0.0,2.006653622990024,0.4251702718402492,0.013255705828531222,,0.024752845252250744,0.009704863947126663,0.028335862955826352,5.0,BTC/USDT
30,31,32,2020-01-06 00:00:00+00:00,2020-01-06 08:00:00+00:00,1,0.02550073389205698,PROFIT,2.8316627155731973,2.102135314539443,0.0,1.4590548020675085,0.36054677912359834,0.017000489261371314,,0.030435103789613782,0.01624653941425036,0.04612269386530676,5.0,ETH/USDT
40,41,42,2020-01-07 16:00:00+00:00,2020-01-08 00:00:00+00:00,1,0.0281445819835775,PROFIT,1.8870861474034417,1.1584922354621778,0.0,1.4571878238825384,0.9398210102946168,0.01876305465571824,4.593847507427377,0.026598795526240337,0.002239798418142369,0.037834311806914434,15.0,ETH/USDT
167,168,174,2020-01-28 20:00:00+00:00,2020-01-30 00:00:00+00:00,0,-0.017246577113132044,STOP,3.3814797713269913,2.692656954678062,0.7410824992660111,1.3776456332978702,0.7758552880843053,0.017248656075747396,0.8738720732009729,0.04032356512031021,0.03215985677368627,0.08812652350551353,11.0,BTC/USDT
167,168,174,2020-01-28 20:00:00+00:00,2020-01-30 00:00:00+00:00,0,-0.01800558157324783,STOP,2.7629988945160493,1.9287218957425931,1.1600799594319036,1.6685539975469033,0.6737478700995057,0.017999430725523013,0.7163150345203164,0.025754832681188944,0.021459726664728063,0.04634814726557823,13.0,ETH/USDT
243,244,250,2020-02-10 12:00:00+00:00,2020-02-11 16:00:00+00:00,1,0.03569423061356769,PROFIT,1.0198258324961818,0.49391933769418517,2.9804504034574837,1.0518129896039934,0.3923130739399543,0.0237961537423785,0.8757662616270778,0.021449805625428864,-0.0091832660485337,-0.007818747223456213,89.0,ETH/USDT
249,250,250,2020-02-11 12:00:00+00:00,2020-02-11 16:00:00+00:00,1,0.03394280561707852,PROFIT,1.3258368402454723,1.1814722316389914,2.8993627915783122,0.2887292172129621,0.19988945807051092,0.022630515097027702,2.6727099726199754,0.02785265049416008,0.044605761767794405,0.00864045141950287,95.0,ETH/USDT
266,267,273,2020-02-14 08:00:00+00:00,2020-02-15 12:00:00+00:00,0,-0.015583949218571647,STOP,1.0574877550715691,0.46388496180875183,1.1361245040527597,1.1872055865256343,0.0,0.015584374128865094,0.6214533599478272,0.014247929378625956,0.003872085305138162,-0.007169789430941487,11.0,BTC/USDT
385,386,397,2020-03-05 08:00:00+00:00,2020-03-07 08:00:00+00:00,0,-0.0012735438032039914,TIME,2.4253441221857335,1.324036940266507,0.6493864694968644,0.9038414248447245,0.5694200976521859,0.015135377039712114,1.5822398706633385,0.023140960421807577,0.039998308739588095,0.027394894233830236,13.0,BTC/USDT
390,391,394,2020-03-06 04:00:00+00:00,2020-03-06 20:00:00+00:00,1,0.03551579875206334,PROFIT,1.5725504791870566,1.3600678887837883,0.6786891178703531,0.4249651808065367,0.6042753836784928,0.02367920979976503,1.1176684675792108,0.027753534648280676,0.012075114949937626,0.039181080127073775,18.0,ETH/USDT
550,551,555,2020-04-01 20:00:00+00:00,2020-04-02 16:00:00+00:00,1,0.03921437148990736,PROFIT,2.1538283679427557,1.353433571707497,0.37957000183309986,0.8416495888043173,0.23301904469923793,0.026144645926910716,4.359031961973705,0.07129874967947725,0.05495587490292797,0.03886850640718875,8.0,BTC/USDT
550,551,555,2020-04-01 20:00:00+00:00,2020-04-02 16:00:00+00:00,1,0.03479698602060388,PROFIT,1.6810688635800877,0.6689319390994466,0.6300035958501905,0.764266657260892,0.24945917918910493,0.023191152154150043,3.880198417362526,0.044251192858242305,0.025623582766439723,0.027487505679236746,8.0,ETH/USDT
568,569,577,2020-04-04 20:00:00+00:00,2020-04-06 08:00:00+00:00,1,0.03984408722314492,PROFIT,1.004301393323084,0.636667846960274,1.170124902139465,0.7352670927256201,0.0,0.026564351818593547,0.5009062494341108,0.016249342334397898,0.023888272527590626,0.009258046331444003,26.0,BTC/USDT
714,715,717,2020-04-29 04:00:00+00:00,2020-04-29 16:00:00+00:00,1,0.03061761747531455,PROFIT,2.113200170345759,1.7194361634490318,2.668049452791149,0.787528013793454,0.9724777746085774,0.020411744983543076,4.656410140164437,0.03655642514516533,0.049593537501917195,0.046703716922449345,37.0,ETH/USDT
726,727,738,2020-05-01 04:00:00+00:00,2020-05-03 04:00:00+00:00,0,0.005457796179542562,TIME,0.641215541066622,0.16349868720045466,1.3143791014712698,0.9554337077323305,0.0,0.03129200956660759,-0.014046846280437439,0.017617770968977542,0.005582363515942879,0.03541331774562817,49.0,ETH/USDT
757,758,760,2020-05-06 08:00:00+00:00,2020-05-06 20:00:00+00:00,0,-0.021189462390117986,STOP,1.9127695495225365,1.6112866668825605,2.206348007004223,0.6029657652799519,0.3774869707004741,0.021191646636214343,4.9730732421793,0.03269174046204437,0.03227393998778516,0.07387147212523448,3.0,BTC/USDT
773,774,775,2020-05-09 00:00:00+00:00,2020-05-09 08:00:00+00:00,0,-0.02418444145961851,STOP,1.4152900608879058,1.0348825206150971,0.27020052733481714,0.7608150805456171,0.0,0.02418670337894694,-0.6474295452074402,0.011972930765226542,0.011589952221013444,0.03871375139651234,8.0,ETH/USDT
815,816,824,2020-05-16 00:00:00+00:00,2020-05-17 12:00:00+00:00,1,0.038224652549913696,PROFIT,0.7776795612347677,0.40860292067417475,0.05089008564623818,0.7381532811211857,0.7282717110927875,0.02547412109721878,-1.1241519860613094,0.01934722364774699,0.0039423805913569865,-0.0024608276416231423,11.0,ETH/USDT
835,836,842,2020-05-19 08:00:00+00:00,2020-05-20 12:00:00+00:00,0,-0.02280573376281858,STOP,0.9081549140155243,0.5549398449107922,2.4889393198096283,0.7064301382094722,0.0,0.022806341792242217,1.9193558476145531,0.018590994977015773,0.0018543383813114378,0.024143884529430615,33.0,BTC/USDT
890,891,892,2020-05-28 12:00:00+00:00,2020-05-28 20:00:00+00:00,1,0.024734164249288648,PROFIT,2.401622616260376,2.0831988751533723,0.8972473416081762,0.6368474822140077,0.5802388171283133,0.016489442832859122,5.087553142742292,0.0322300910536204,0.038131692426958796,0.0841471436522796,2.0,ETH/USDT
911,912,916,2020-06-01 00:00:00+00:00,2020-06-01 20:00:00+00:00,1,0.02234120099710557,PROFIT,1.1215451283079814,0.5435064039534313,2.016943956939104,1.156077448709113,0.7318182081348019,0.014894679525640579,-0.28929710635939826,0.011379861075096365,0.007994725738396768,0.016986690335859977,24.0,BTC/USDT
911,912,916,2020-06-01 00:00:00+00:00,2020-06-01 20:00:00+00:00,1,0.036423989597471396,PROFIT,2.234215330949922,1.1602225888819426,1.7439986518125117,2.1479854841359587,0.1586629181376947,0.02428265973164751,0.025668759321110117,0.031178477350261247,0.021736339908433377,0.07224966322406834,23.0,ETH/USDT
916,917,920,2020-06-01 20:00:00+00:00,2020-06-02 12:00:00+00:00,0,-0.01735148840043721,STOP,1.9531474599625205,1.8805476747608836,2.0137155359652037,0.1451995704032634,2.428936598848607,0.01735478833637307,15.793856773951312,0.06563502874908078,0.07227311047153351,0.0518730175752653,29.0,BTC/USDT
925,926,937,2020-06-03 08:00:00+00:00,2020-06-05 08:00:00+00:00,0,0.014181438998957185,TIME,0.25634166966630373,0.15411953145581603,2.1073486954162783,0.2044442764209799,0.29329890425010335,0.026524426972414642,-0.18535501850448782,0.012330560364849363,0.008497749358461926,0.015546894857239701,37.0,ETH/USDT
1012,1013,1018,2020-06-17 20:00:00+00:00,2020-06-18 20:00:00+00:00,0,-0.014638890129713977,STOP,1.5546806984885309,0.0978283632431009,0.8683665559136569,1.1769715586635592,0.0,0.014638874663603528,-0.060793532424907336,0.01766616527772258,-0.0014210944431727324,0.004150213982147211,7.0,BTC/USDT
1039,1040,1041,2020-06-22 08:00:00+00:00,2020-06-22 16:00:00+00:00,1,0.015018076763561705,PROFIT,1.3665053044994777,1.1284952923172753,1.0853119297876395,0.4760200243643855,0.0,0.010012516882044057,0.8681118128645672,0.004289202675443304,0.017720870733719973,0.01431823518878117,2.0,BTC/USDT
1122,1123,1124,2020-07-06 04:00:00+00:00,2020-07-06 12:00:00+00:00,1,0.018746686286127634,PROFIT,1.4743607290616045,1.4588954067287851,1.1959849270709524,0.03093064466563886,0.24744515732501318,0.01249886455079101,5.791435109319736,0.02167997893443352,0.03383959499067424,0.029678446636295375,0.0,ETH/USDT
1173,1174,1177,2020-07-14 16:00:00+00:00,2020-07-15 08:00:00+00:00,0,-0.012080003428408315,STOP,0.1834482101767152,0.14230094808100155,0.9498159667093672,0.08229452419142728,0.13715754031904223,0.012078002268228005,-0.08988597150372474,0.005120093243974555,0.012835570469798663,0.012241133562505224,5.0,ETH/USDT
1212,1213,1214,2020-07-21 04:00:00+00:00,2020-07-21 12:00:00+00:00,1,0.009288875455217838,PROFIT,1.6275278025941438,1.449017204019145,0.5474064992961017,0.35702119714999797,1.2241345878487475,0.0061925769890493485,4.524620398990378,0.014645734644906927,0.017102957313577916,0.017532917230124623,14.0,BTC/USDT
1212,1213,1215,2020-07-21 04:00:00+00:00,2020-07-21 16:00:00+00:00,1,0.015139706199825964,PROFIT,1.9076165716060112,1.6617368846106093,0.016391979133023683,0.4917593739908037,0.545033306173151,0.010093137466550633,3.369589993078468,0.020040502911146785,0.0272348742352142,0.03056265984654738,8.0,ETH/USDT
1354,1355,1359,2020-08-13 20:00:00+00:00,2020-08-14 16:00:00+00:00,1,0.040713039230402925,PROFIT,2.245099269195026,2.012084520923335,0.3631905852949821,0.4660294965433772,1.4019937647408467,0.02714202615360193,7.5034405660363745,0.07814206262539058,0.0780873054165927,0.12015831134564658,1.0,ETH/USDT
1376,1377,1378,2020-08-17 12:00:00+00:00,2020-08-17 20:00:00+00:00,0,-0.015104187240848055,STOP,2.9787050770943035,2.424878168223065,0.9412019424268335,1.1076538177424775,1.265844392810311,0.015104539871099413,9.862403675771944,0.04306953349036191,0.048700221449068826,0.04805606484649405,17.0,BTC/USDT
1451,1452,1454,2020-08-30 00:00:00+00:00,2020-08-30 12:00:00+00:00,1,0.02939500183270738,PROFIT,1.9747258460565613,1.364476330451658,0.48801058320701457,1.2204990312098136,0.2684215732036032,0.019597635840257803,0.39800629110101066,0.01570299761695737,0.0060625636693418805,0.045225741500813266,5.0,ETH/USDT
1533,1534,1537,2020-09-12 16:00:00+00:00,2020-09-13 08:00:00+00:00,0,-0.02845538298369732,STOP,2.676723906804591,1.8632008218184202,0.9099034167840839,1.6270461699723464,0.3704476260099874,0.02845612271861255,0.934695165356596,0.030734190782422344,0.04413560978257913,0.05908427631397828,18.0,ETH/USDT
1542,1543,1543,2020-09-14 04:00:00+00:00,2020-09-14 08:00:00+00:00,0,-0.01203969938375049,STOP,0.5898347180322259,0.33191680832260134,1.2396313066890827,0.515835819419249,0.0,0.012039687806359525,0.1547886676346128,0.004945816349604781,0.008756383953904656,0.005349971674345921,23.0,BTC/USDT
1554,1555,1562,2020-09-16 04:00:00+00:00,2020-09-17 12:00:00+00:00,0,-0.01404347371715542,STOP,2.25499281874235,1.5921088179306426,1.8044378301961577,1.3257680016234143,0.03118072745403625,0.014044245655403742,0.6344968316353459,0.012624067551006979,0.012253138168437205,0.04963497613305479,6.0,BTC/USDT
1573,1574,1579,2020-09-19 08:00:00+00:00,2020-09-20 08:00:00+00:00,0,-0.021646650513828525,STOP,1.4502490128572063,0.889681179839707,0.8592187829469079,1.1211356660349987,0.0,0.021646650513828483,-0.640164571197344,0.02366519310691695,0.006035536824579246,0.009475827503393486,11.0,ETH/USDT
1622,1623,1625,2020-09-27 12:00:00+00:00,2020-09-28 00:00:00+00:00,1,0.016663757065181528,PROFIT,2.3095631804487726,0.8078114458252265,0.5434093987484075,1.916684671750277,0.0,0.011109171376787661,0.1519843755862848,0.012361274532875166,-0.0024468519274293277,0.010068926266082245,12.0,BTC/USDT
1622,1623,1629,2020-09-27 12:00:00+00:00,2020-09-28 16:00:00+00:00,1,0.033179504605604704,PROFIT,2.2713656654664054,0.5816679495946715,0.6538202034514965,2.0717550248404746,0.008899837480143433,0.022119669737069855,-0.6796882620440573,0.018328655707657848,-0.010683879583773925,0.0243719751094722,11.0,ETH/USDT
1625,1626,1630,2020-09-28 00:00:00+00:00,2020-09-28 20:00:00+00:00,0,-0.010861322672701013,STOP,2.890437469849941,1.9186269378556453,0.003341008400175548,1.9369390471882402,0.5458108153495846,0.01086139251953694,1.565702261542556,0.010292131702902774,0.012117357612679625,0.01684094887742571,15.0,BTC/USDT
1628,1629,1630,2020-09-28 12:00:00+00:00,2020-09-28 20:00:00+00:00,0,-0.01964579481631401,STOP,2.625211211025461,1.8496440307225055,0.3166434351236938,1.5511343606059105,1.166838032955796,0.01964633320477152,1.5111197332506732,0.019159870405541124,0.019131406228180436,0.035647386047567675,17.0,ETH/USDT
1636,1637,1638,2020-09-29 20:00:00+00:00,2020-09-30 04:00:00+00:00,0,-0.010451070021435527,STOP,0.6008173623568784,0.5496900732214007,2.072387403425558,0.10225457827095552,0.17026247862295812,0.01045116642925164,-0.14620646212655622,0.009591627093482824,0.007580686537310477,0.006147063600714597,26.0,BTC/USDT
1636,1637,1639,2020-09-29 20:00:00+00:00,2020-09-30 08:00:00+00:00,0,-0.01838807789201702,STOP,0.48218903562959436,0.27623838953388874,2.4007421186166167,0.4119012921914198,0.5607903831303491,0.018387566813946717,-1.310266461438338,0.009738437359676722,0.006067893294558591,0.006433746398500695,25.0,ETH/USDT
1645,1646,1646,2020-10-01 08:00:00+00:00,2020-10-01 12:00:00+00:00,0,-0.016007257910097383,STOP,1.6518419284113393,1.4687747880640607,3.060441869416819,0.3661342806945571,0.19069493786175132,0.01600552077583874,1.3009568630021422,0.012804660236858556,0.024344829502820797,0.03067501817571716,1.0,ETH/USDT
1688,1689,1693,2020-10-08 12:00:00+00:00,2020-10-09 08:00:00+00:00,1,0.013851403531498718,PROFIT,1.6592222261577356,1.6457812938333478,0.7637480602287343,0.02688186464875765,0.7062327952916742,0.009234269020999117,8.731249411195252,0.027417060069751864,0.024169627248632475,0.015086152691054622,0.0,BTC/USDT
1697,1698,1698,2020-10-10 00:00:00+00:00,2020-10-10 04:00:00+00:00,0,-0.010978748136972749,STOP,3.231923039862165,2.625378810729596,1.209098035705055,1.2130884582651376,1.5417396603135503,0.01097874813697272,4.3626303325679245,0.032787241281952983,0.029439195856612255,0.07266677945074163,9.0,BTC/USDT
1754,1755,1755,2020-10-19 12:00:00+00:00,2020-10-19 16:00:00+00:00,0,-0.009699786240877306,STOP,2.533692039817349,2.1692117030205145,0.48679650423629234,0.7289606735936682,0.8853069461885923,0.009699786240877308,5.220484552033951,0.028143243007754615,0.03357271928602912,0.04079015377233497,3.0,BTC/USDT
1754,1755,1755,2020-10-19 12:00:00+00:00,2020-10-19 16:00:00+00:00,0,-0.013109540996839475,STOP,2.180773123041107,1.101822444290714,0.7338853464680184,0.69013066456476,0.2147957111613649,0.013109882809500687,4.013816041852048,0.02070525615435792,0.028230563002680897,0.04307976828306437,4.0,ETH/USDT
1766,1767,1768,2020-10-21 12:00:00+00:00,2020-10-21 20:00:00+00:00,1,0.024214645335856932,PROFIT,2.1655013074492455,2.1311219983711234,0.28886522915061824,0.06875861815623559,0.6891668394509946,0.01614309689057126,6.148204480530793,0.03302844189050269,0.036827345362188346,0.021823586160143904,0.0,ETH/USDT
1793,1794,1796,2020-10-26 00:00:00+00:00,2020-10-26 12:00:00+00:00,0,-0.013404936945515589,STOP,0.5662607774333841,0.21342667513051816,4.298827699340649,0.7056682046057215,1.4543208406791719,0.013404732204498618,-0.1852681414184875,0.0050426630787261395,0.011884173548035282,0.009777339767762294,42.0,BTC/USDT
1801,1802,1803,2020-10-27 08:00:00+00:00,2020-10-27 16:00:00+00:00,1,0.02170336312559651,PROFIT,1.7536131048818555,1.695906150747698,3.428964686035927,0.11541390826831487,0.3776902162832356,0.014468908750397625,2.752607862082693,0.02322021700198862,0.03046308703750089,0.03845586651358546,0.0,BTC/USDT
1825,1826,1829,2020-10-31 08:00:00+00:00,2020-11-01 00:00:00+00:00,0,-0.019509550085072935,STOP,1.6399281879678589,1.4312601954405584,0.5173863123967622,0.41733598505460084,0.6683258911323731,0.019509550085072894,3.7495335608338842,0.026801432513217982,0.02801601758099137,0.06803064037401008,2.0,BTC/USDT
1871,1872,1875,2020-11-08 00:00:00+00:00,2020-11-08 16:00:00+00:00,1,0.03988522203285827,PROFIT,0.5403550075677975,0.15519711898991448,0.79995974690694,0.770315777155766,0.1515513381468932,0.02659016579914635,-0.5883492803426135,0.009387716539684066,-0.02480781279848432,-0.03065815191750354,24.0,BTC/USDT
1879,1880,1880,2020-11-09 08:00:00+00:00,2020-11-09 12:00:00+00:00,0,-0.023775535302698603,STOP,1.8561897115128625,1.6340239861368497,1.626105655802673,0.4443314507520255,0.491003021309936,0.0237755503482299,0.6704641831151841,0.032615926279759844,0.021149459454219866,0.01846100303236331,0.0,BTC/USDT
1889,1890,1901,2020-11-11 00:00:00+00:00,2020-11-13 00:00:00+00:00,0,0.0017921920884436116,TIME,1.4014794033118312,1.2547840429415182,2.3806916534673164,0.2933907207406211,0.0,0.026053336660734082,3.118853998900309,0.028378558422525346,0.0451345008124211,0.025418474891506504,0.0,ETH/USDT
1891,1892,1897,2020-11-11 08:00:00+00:00,2020-11-12 08:00:00+00:00,1,0.03142649854209578,PROFIT,1.4782980289636498,1.0429330228592575,1.8745733500556503,0.8707300122087849,0.0,0.0209509990280638,0.6533979936383256,0.011296379145885327,0.018125527465465918,-0.014422501912685348,12.0,BTC/USDT
1920,1921,1923,2020-11-16 04:00:00+00:00,2020-11-16 16:00:00+00:00,1,0.024688138736321363,PROFIT,1.0305754447487105,0.8939181993744738,2.1881905783409055,0.27331449074847336,0.0,0.016458759157547544,0.7216356101859079,0.014319807578171417,0.023993253986524188,0.009118652495493818,0.0,BTC/USDT
1969,1970,1974,2020-11-24 08:00:00+00:00,2020-11-25 04:00:00+00:00,0,-0.021572939911215117,STOP,1.7252149362018696,1.4886774551313493,2.4687209137313904,0.4730749621410404,0.16302449612764797,0.021572939911215165,3.9412838999988584,0.03786903844227574,0.03794588414634159,0.0658084663195404,3.0,BTC/USDT
2006,2007,2012,2020-11-30 12:00:00+00:00,2020-12-01 12:00:00+00:00,0,-0.024019232783370814,STOP,2.7327690087275402,1.9353606941695154,0.7974083145580246,1.5948166291160493,0.8271142021084732,0.024019232783370915,6.222585017715716,0.037144877008969956,0.03834225894130627,0.10132077108917947,4.0,BTC/USDT
2101,2102,2102,2020-12-16 08:00:00+00:00,2020-12-16 12:00:00+00:00,1,0.021488730212163576,PROFIT,2.4015117621641138,1.704276996370287,1.915441849235229,1.3944695315876405,1.2364716143808236,0.014325820141442373,3.4232817016182366,0.01625930036923462,0.016130086691172663,0.033147985705343386,21.0,BTC/USDT
2102,2103,2104,2020-12-16 12:00:00+00:00,2020-12-16 20:00:00+00:00,1,0.02843978619377663,PROFIT,2.726488627997552,2.1460680139587787,1.4669971563617494,1.1608412280775564,1.5299292082868243,0.0189595517569798,10.797675637247899,0.044494593957358,0.06324252970118827,0.06231372683361314,22.0,ETH/USDT
2155,2156,2156,2020-12-25 08:00:00+00:00,2020-12-25 12:00:00+00:00,0,-0.023843361752616477,STOP,2.263727267802583,1.884667297344734,1.32114188528522,0.7581199409156985,0.3293873361624684,0.023843361752616397,1.7958356961781108,0.03909458930342824,0.03561856278340603,0.06548687760714644,14.0,BTC/USDT
2204,2205,2208,2021-01-02 12:00:00+00:00,2021-01-03 04:00:00+00:00,1,0.04113862549163416,PROFIT,1.4018768412031373,1.2913209759127935,2.499369186338646,0.22111173058069333,0.7076998844658917,0.02742646414034351,4.383090361070633,0.05307660682472237,0.052081764536754394,0.04406249999999989,49.0,ETH/USDT
2216,2217,2219,2021-01-04 12:00:00+00:00,2021-01-05 00:00:00+00:00,1,0.08798044259292026,PROFIT,1.661973383365543,1.43893976844457,0.9549215780335656,0.446067229841946,1.1242664690393471,0.05865306442350696,1.8961497217841699,0.06471130221130217,0.01821012130290489,0.35342191221061126,8.0,ETH/USDT
2284,2285,2292,2021-01-15 20:00:00+00:00,2021-01-17 04:00:00+00:00,0,-0.05070257848403692,STOP,0.7957448772894264,0.26049529041463215,0.0386539320511386,1.0704991737495884,0.0,0.05069596850372154,-0.2218090365388172,0.0433014947784125,-0.0358619828239507,-0.01683534298171474,8.0,BTC/USDT
2403,2404,2411,2021-02-04 16:00:00+00:00,2021-02-06 00:00:00+00:00,1,0.04523653216420609,PROFIT,1.7941125645788683,1.0552727415862908,2.0353656167159406,1.4776796459851549,0.1859727624458168,0.0301576881094707,-0.02803277928776677,0.02469489990627438,-0.009941495742982975,0.047680458855383856,10.0,BTC/USDT
2403,2404,2404,2021-02-04 16:00:00+00:00,2021-02-04 20:00:00+00:00,0,-0.0381505837015742,STOP,2.7020495924198715,1.7411208669486815,1.4603626989637464,1.921857450942376,0.0,0.038149891309296635,0.5121710059090091,0.045613835332219965,-0.0059176223666880245,0.09026930408342282,13.0,ETH/USDT
2424,2425,2426,2021-02-08 04:00:00+00:00,2021-02-08 12:00:00+00:00,1,0.04411607285501562,PROFIT,0.6158003144713655,0.46368797406035756,1.8795775964701709,0.304224680822016,0.1519759711447691,0.02941058791740143,-0.7113186094295935,0.03135539759103234,0.03206176084099854,-0.0022655486199896213,31.0,BTC/USDT
2426,2427,2428,2021-02-08 12:00:00+00:00,2021-02-08 20:00:00+00:00,1,0.049947492364186274,PROFIT,2.182688204476765,1.978418406207596,1.5752696563701531,0.40853959653833305,1.3614516344032441,0.03328835770737755,11.924899364471024,0.10890168906133146,0.14813139804906283,0.06978120251865105,0.0,BTC/USDT
2451,2452,2455,2021-02-12 16:00:00+00:00,2021-02-13 08:00:00+00:00,0,-0.030098021255102858,STOP,1.6920559489687852,1.29099942289419,1.7704980199025748,0.8021130521491951,0.826124088821677,0.030098021255102882,1.5309716543657086,0.028691525575311738,0.04076277512611126,0.0560455387934744,21.0,ETH/USDT
2483,2484,2493,2021-02-18 00:00:00+00:00,2021-02-19 16:00:00+00:00,1,0.04124345403556018,PROFIT,2.00916258883442,1.6808683621974312,0.32829422663698876,0.6565884532739775,0.6651405346937647,0.02750232104454248,2.2966443282555935,0.022763638722511637,0.0441445916114791,0.03841383095499462,8.0,ETH/USDT
2495,2496,2498,2021-02-20 00:00:00+00:00,2021-02-20 12:00:00+00:00,0,-0.023503736788765273,STOP,3.0794267756274403,2.199379764316292,1.6002100326631334,1.7600940226222974,0.7343913263252826,0.02349791594881818,4.663819817254776,0.03270076726342719,0.046126503308444367,0.067093377871976,20.0,ETH/USDT
2562,2563,2573,2021-03-03 04:00:00+00:00,2021-03-05 00:00:00+00:00,0,-0.04105383681632324,STOP,1.8398350629008302,0.27937314601481933,0.9293258672889328,1.2622720991941558,0.0,0.04105383681632333,-0.5215793429669434,0.028686452087451464,0.058408957301457454,0.08945289134335832,7.0,ETH/USDT
2596,2597,2598,2021-03-08 20:00:00+00:00,2021-03-09 04:00:00+00:00,1,0.037702450377417485,PROFIT,2.296922508912461,1.7320181111399218,1.728178234137438,1.1298087955450842,0.21094635877113546,0.025134971717301804,0.723012059824081,0.02074318827880739,0.037197391835763094,0.07145689023816448,6.0,BTC/USDT
2633,2634,2634,2021-03-15 00:00:00+00:00,2021-03-15 04:00:00+00:00,0,-0.023882151256483852,STOP,1.6099677344787635,0.8414799504871179,3.265991164719074,1.5369755679832913,0.0833700846143744,0.02388215125648387,0.051955641077044826,0.023939638086965642,0.011707695179357769,0.06500951065291893,43.0,BTC/USDT
2718,2719,2719,2021-03-29 04:00:00+00:00,2021-03-29 08:00:00+00:00,1,0.028396760844459745,PROFIT,1.9590392463009232,0.19030932635531805,0.900869799758501,1.7357202403742082,0.06648428420719714,0.018931173896306483,-0.9322867725639438,0.004787397118128478,0.017438493638920027,0.00719832630048578,13.0,ETH/USDT
2719,2720,2730,2021-03-29 08:00:00+00:00,2021-03-31 04:00:00+00:00,1,0.033547062951755136,PROFIT,2.67838638786686,1.854460714952041,0.42524448089824574,1.647851345829638,0.6374725614017851,0.02236463905201499,3.3369411525602786,0.034739060441239866,0.03723159266537501,0.06266070739448248,11.0,BTC/USDT
2789,2790,2790,2021-04-10 00:00:00+00:00,2021-04-10 04:00:00+00:00,1,0.024362138740399608,PROFIT,1.8143780181893627,1.367621034075761,0.0804467673988608,0.8935139682272033,0.0,0.016241425826933113,0.5643936036336292,0.01869474570598384,0.016990041208791107,0.04755660620629909,3.0,BTC/USDT
2789,2790,2794,2021-04-10 00:00:00+00:00,2021-04-10 20:00:00+00:00,0,-0.02352335807266459,STOP,1.8821061307629023,1.3209831685631592,1.0070675315225963,1.1222459243994862,0.17752538867686585,0.023523358072664667,1.5418413891919196,0.03751082554780916,0.03984017379160543,0.073746194520109,3.0,ETH/USDT
2807,2808,2809,2021-04-13 00:00:00+00:00,2021-04-13 08:00:00+00:00,1,0.029814651177845652,PROFIT,0.930347078656921,0.588661678002827,1.6581945400808875,0.6833708013081775,0.7045335520037929,0.01987661787462834,0.1993913570994754,0.012003611374895362,0.019611262454400702,0.008709964703194295,21.0,ETH/USDT
2809,2810,2811,2021-04-13 08:00:00+00:00,2021-04-13 16:00:00+00:00,1,0.029996108638171926,PROFIT,2.0275961695340867,1.7223407081529376,1.6238603498605741,0.6105109227622983,0.34636372028108,0.019997316050927083,5.873593807036555,0.03019169624371476,0.04279385692032056,0.03820430898776994,23.0,ETH/USDT
2894,2895,2898,2021-04-27 12:00:00+00:00,2021-04-28 04:00:00+00:00,0,-0.03743208831165612,STOP,2.753856561775579,1.9822781391040412,1.0324077935730165,1.5431568453430753,0.611945831730393,0.03743208831165616,1.0821844552425899,0.03510319897384084,0.06812639381347374,0.13726570407287353,3.0,ETH/USDT
2912,2913,2924,2021-04-30 12:00:00+00:00,2021-05-02 12:00:00+00:00,0,-0.010228217708798892,TIME,1.7916729016788469,1.7812910076418091,1.9943369754801445,0.020763788074075213,2.292089844934217,0.023558154845978434,7.293647606523404,0.054386792113608085,0.06522155858628587,0.0523006492309086,0.0,BTC/USDT
2915,2916,2921,2021-05-01 00:00:00+00:00,2021-05-02 00:00:00+00:00,1,0.04066058691941277,PROFIT,2.597481540638833,1.782073232694031,2.91402889333262,1.6308166158896045,0.42420723845191527,0.027106389581579,0.259441749761654,0.024018727321257316,0.03747542445349117,0.053768349943395854,24.0,ETH/USDT
3108,3109,3115,2021-06-02 04:00:00+00:00,2021-06-03 08:00:00+00:00,1,0.05072394277465664,PROFIT,1.2577924405857062,0.08739663031241181,0.7161319613540084,0.9085276978385719,0.0,0.03381595276434349,-0.2377358791590567,0.02049797120506769,0.034639864990894775,0.038209860650591176,5.0,BTC/USDT
3125,3126,3127,2021-06-05 00:00:00+00:00,2021-06-05 08:00:00+00:00,0,-0.03930945857531987,STOP,0.5017641358883672,0.4757250775379168,1.606386576733915,0.05207811670090503,0.45447481152777497,0.0393098854916395,-0.38606537711151157,0.027075563950310633,0.039247406894631576,0.013401570181231115,24.0,ETH/USDT
3175,3176,3177,2021-06-13 08:00:00+00:00,2021-06-13 16:00:00+00:00,1,0.04547242560892384,PROFIT,0.3585765801605066,0.12050400157283461,0.9439020745339984,0.47614515717535066,0.44696088140560347,0.03031494196262127,-0.5115973179728973,0.01768734824980256,0.010069174939254966,-0.03945523159907138,20.0,BTC/USDT
3198,3199,3201,2021-06-17 04:00:00+00:00,2021-06-17 16:00:00+00:00,0,-0.025797644177895873,STOP,1.1506376575242099,0.5188601137731357,2.2103773523837305,1.2635550875021484,0.0,0.025798506131209535,-0.3859161280814408,0.00880765623612989,0.013631036726627688,-0.02869710799306535,20.0,BTC/USDT
3243,3244,3247,2021-06-24 16:00:00+00:00,2021-06-25 08:00:00+00:00,0,-0.03730850358477844,STOP,1.8351411501267916,0.14738835672310116,1.1798508704556072,1.0158038458961665,0.0,0.037305185630307075,-0.0026924199332226217,0.028660659164765345,0.060997317200416346,0.07572106705147452,4.0,BTC/USDT
3271,3272,3277,2021-06-29 08:00:00+00:00,2021-06-30 08:00:00+00:00,0,-0.03198507954885932,STOP,2.2824093732907706,1.4664673892335904,1.2455660871581629,1.6318839681143607,0.1182237881698894,0.03198509754043394,0.8069644867393295,0.020268717250031543,0.030750351718761948,0.06945292067898778,8.0,BTC/USDT
3300,3301,3305,2021-07-04 04:00:00+00:00,2021-07-05 00:00:00+00:00,0,-0.029192746303478345,STOP,2.2279664333750353,1.9946928378629352,2.4429713937927784,0.4665471910241999,0.43998797052556843,0.029186620097595276,1.2569930764804675,0.05667208210957897,0.04925517334351914,0.13265647662612978,1.0,ETH/USDT
3312,3313,3313,2021-07-06 04:00:00+00:00,2021-07-06 08:00:00+00:00,0,-0.030215471433750696,STOP,1.8766657298513927,1.3851394919396716,2.008664708019886,0.9830524758234425,0.0,0.030216117969737784,0.9580097744211287,0.044031507883672605,0.040716162650870524,0.000753760235721268,13.0,ETH/USDT
3418,3419,3430,2021-07-23 20:00:00+00:00,2021-07-25 20:00:00+00:00,0,0.03084838955683389,TIME,3.544151492220516,2.5038965316394655,1.0402549605810507,2.0805099211621014,0.3153227105080538,0.027335527959038278,1.0064844755444946,0.05130705045086059,0.03395489878266633,0.06452017038336266,13.0,ETH/USDT
3439,3440,3441,2021-07-27 08:00:00+00:00,2021-07-27 16:00:00+00:00,0,-0.03133674182653656,STOP,0.9092237692193439,0.3584931429279664,2.5621859986643294,1.1014612525827487,0.026402015019306006,0.03133674182653654,0.03936188901120324,0.034663627033360234,0.022562026498150978,0.05480143334660492,34.0,ETH/USDT
3442,3443,3454,2021-07-27 20:00:00+00:00,2021-07-29 20:00:00+00:00,0,0.036290971397757055,TIME,1.172977192695135,0.6370238696253192,2.493436963101758,1.071906646139625,0.0,0.03190472575441522,-0.5806904169622981,0.0314667121210761,0.009278644633177402,0.0500961279392087,37.0,ETH/USDT
3460,3461,3464,2021-07-30 20:00:00+00:00,2021-07-31 12:00:00+00:00,0,-0.026912823008599318,STOP,2.514776276552291,2.0899494672856194,2.482680363839627,0.8496536185333429,0.6236110608126278,0.026912816632115494,2.188692495791063,0.05903213050124312,0.09222782400499363,0.054643529314165606,54.0,BTC/USDT
3460,3461,3467,2021-07-30 20:00:00+00:00,2021-08-01 00:00:00+00:00,1,0.03929055860158881,PROFIT,2.3372095417767627,1.821297403026452,2.0890428926341595,1.0318242775006143,0.16826171805638415,0.026193280133623462,1.8791038406243172,0.03484789252220555,0.05438059995545719,0.06993350428093348,12.0,ETH/USDT
3517,3518,3529,2021-08-09 08:00:00+00:00,2021-08-11 08:00:00+00:00,0,0.025844048496685756,TIME,2.512579121200272,1.6780540852598753,1.2369033685288564,1.6690500718807937,0.0,0.03473532229967032,1.6368686759786057,0.06430126591737406,0.0403638959443533,0.008990500724521011,29.0,ETH/USDT
3540,3541,3544,2021-08-13 04:00:00+00:00,2021-08-13 20:00:00+00:00,1,0.03208241968179948,PROFIT,1.361230740819025,1.1260735731313551,2.996763762358155,0.47031433537533934,0.0,0.021388275148679404,-0.40262400168712575,0.028011744753191126,0.039038505052362726,-0.005301919664287946,37.0,BTC/USDT
3540,3541,3552,2021-08-13 04:00:00+00:00,2021-08-15 04:00:00+00:00,0,-0.019078557488543146,TIME,1.4840306852164942,1.279434096040278,2.138867543625925,0.4091931783524327,0.0,0.02913956346908595,-0.6695146843473286,0.04364002564584135,0.057220645880828425,-0.0027075197881017976,52.0,ETH/USDT
3556,3557,3560,2021-08-15 20:00:00+00:00,2021-08-16 12:00:00+00:00,0,-0.019569512452026094,STOP,1.1061351535215433,0.8448718871780599,0.9811888322497284,0.5225265326869748,0.0,0.019569512452026087,0.0389205084223434,0.013638227259191504,0.02286951994368036,-0.017284100418409998,10.0,BTC/USDT
3556,3557,3560,2021-08-15 20:00:00+00:00,2021-08-16 12:00:00+00:00,0,-0.024614866411578284,STOP,1.8665402317665682,1.4953940825590584,0.8997054343440032,0.7422922984150141,0.0,0.02461680160695159,0.7875887062407623,0.030926967342918,0.046365347803388746,-0.004584146018444923,10.0,ETH/USDT
3594,3595,3596,2021-08-22 04:00:00+00:00,2021-08-22 12:00:00+00:00,0,-0.01761337464318169,STOP,2.715137641809182,1.476144895870451,1.238992745938731,2.477985491877462,0.0,0.01761337464318169,-1.376079661081925,0.008301086288173831,0.004416819726460686,0.050423970202513324,9.0,BTC/USDT
3598,3599,3599,2021-08-22 20:00:00+00:00,2021-08-23 00:00:00+00:00,1,0.033265261883484554,PROFIT,1.4518453583338202,0.9098142714818875,0.4201097774450674,1.0840621737038654,0.0,0.02217684125565633,0.24468426728624443,0.01976222344697276,-0.005439673681009727,-0.014253444633191559,13.0,ETH/USDT
3599,3600,3608,2021-08-23 00:00:00+00:00,2021-08-24 12:00:00+00:00,0,-0.02263520614586545,STOP,2.4277652615885197,1.8719603763764374,0.6108926916707246,1.1116097704241643,0.3031482650737332,0.022635206145865446,2.086924740709201,0.03156886967263728,0.04987521766188685,0.019466249954218418,14.0,ETH/USDT
3644,3645,3645,2021-08-30 12:00:00+00:00,2021-08-30 16:00:00+00:00,1,0.027434392288809617,PROFIT,0.8069208530956947,0.034747381439890396,0.5127575077762819,0.5188319277590447,0.0,0.018290845375382645,1.5050625006993106,0.009458853204245443,0.017712326514087717,-0.008782711827857725,11.0,ETH/USDT
3645,3646,3646,2021-08-30 16:00:00+00:00,2021-08-30 20:00:00+00:00,0,-0.015843961132588236,STOP,0.8812484934475877,0.318031197250844,0.27984966906953024,0.5667352542544176,0.0,0.015843961132588215,0.5171694058101863,0.01250217619290761,0.014387319947256838,-0.0006565001635084888,12.0,BTC/USDT
3645,3646,3646,2021-08-30 16:00:00+00:00,2021-08-30 20:00:00+00:00,0,-0.019136658806803708,STOP,2.2308040250099235,1.8800781845020045,0.08375192311793869,0.7014516810158449,0.44378353286119593,0.019136716082297358,6.147705638725361,0.03838838403301792,0.05064290228954338,0.03433800584476687,12.0,ETH/USDT
3756,3757,3761,2021-09-18 04:00:00+00:00,2021-09-19 00:00:00+00:00,0,-0.017200467835847055,STOP,2.2756684021929883,1.646388736628267,1.3613188782500507,1.2585593311294425,0.903145696196599,0.017200467835847083,1.8238956079511988,0.014552869227621779,0.023585060570489258,0.005760647962746779,19.0,BTC/USDT
3855,3856,3861,2021-10-04 16:00:00+00:00,2021-10-05 16:00:00+00:00,1,0.0297593058298542,PROFIT,3.268436567650398,2.2295373412251047,2.095299130535042,2.0777984528505864,0.8766823878361032,0.019839537219902764,3.0569208634453213,0.03395791678209181,0.03222213721405365,0.02363205299171911,21.0,BTC/USDT
3866,3867,3871,2021-10-06 12:00:00+00:00,2021-10-07 08:00:00+00:00,0,-0.021618600652225872,STOP,3.164169813608651,2.7021032149724347,3.043548768706579,0.9241331972724326,1.5431804555454578,0.021618604584010666,6.039296844084654,0.07167952792001664,0.06736795434078746,0.15130292726510164,3.0,BTC/USDT
3866,3867,3869,2021-10-06 12:00:00+00:00,2021-10-07 00:00:00+00:00,0,-0.025861236211047856,STOP,1.7600647188017604,1.5540433400845801,2.7906532208054435,0.4120427574343608,0.5089530735010688,0.025861236211047862,11.498873598657125,0.06855217939087077,0.03624703510266358,0.08743389786637201,31.0,ETH/USDT
3905,3906,3906,2021-10-13 00:00:00+00:00,2021-10-13 04:00:00+00:00,0,-0.021301510234123078,STOP,0.4399600896192293,0.39463775645482024,2.8692542476377496,0.09064466632881807,0.0,0.02130151401918889,-0.9175809713451595,0.005015453525755831,-0.0004514841074751974,-0.00405807483627274,42.0,BTC/USDT
3917,3918,3921,2021-10-15 00:00:00+00:00,2021-10-15 16:00:00+00:00,1,0.032304850239323946,PROFIT,2.1604942972486354,1.7320123624569017,1.4516274566872265,0.8569638695834674,0.3598603698228964,0.021536563202465803,5.149643698278215,0.03633556846156982,0.0366361766371639,0.056042189297445644,4.0,BTC/USDT
3945,3946,3950,2021-10-19 16:00:00+00:00,2021-10-20 12:00:00+00:00,1,0.03138233827377013,PROFIT,1.896504949432914,1.7323674980182622,2.0575512649992658,0.3282749028292983,1.2714623838666153,0.020919417048840896,1.9551751669640574,0.028546065219896333,0.03017943382881949,0.060437895368565586,32.0,BTC/USDT
3950,3951,3953,2021-10-20 12:00:00+00:00,2021-10-21 00:00:00+00:00,1,0.03234068601777973,PROFIT,2.505903448186604,2.217370527007244,1.6341106741298481,0.5770658423587245,0.625083630324565,0.02156051017662523,6.554377705000861,0.056974729410180114,0.06158564501696051,0.08508109545333675,2.0,ETH/USDT
3959,3960,3962,2021-10-22 00:00:00+00:00,2021-10-22 12:00:00+00:00,0,-0.02571489566270657,STOP,1.3894340793252906,0.5165814663233244,1.9348821638365052,1.7457052260039325,0.0,0.02571489566270657,-0.011675284082896956,0.025413336820470755,0.01613447432762838,0.08109535304767657,11.0,ETH/USDT
3989,3990,3991,2021-10-27 00:00:00+00:00,2021-10-27 08:00:00+00:00,0,-0.021069981151642936,STOP,1.0954498424073098,0.638566140832094,1.4383521936327337,0.9137674031504317,0.4491609295683363,0.021069981151643068,0.2312803690482082,0.018927658585702112,0.005272659540934699,0.018146463217315167,8.0,ETH/USDT
4018,4019,4019,2021-10-31 20:00:00+00:00,2021-11-01 00:00:00+00:00,0,-0.017791886089152276,STOP,0.8250207489642106,0.46957323990974253,0.020492569170203208,0.7108950181089362,0.0,0.017791888991590198,-0.9324824287969934,0.0100486159570079,0.01375922164206056,-0.01532294219894681,10.0,BTC/USDT
4020,4021,4027,2021-11-01 04:00:00+00:00,2021-11-02 08:00:00+00:00,1,0.03623387496481523,PROFIT,1.2277102904674153,0.759177329525767,0.46853296094164837,0.937065921883288,0.0,0.024155972781508064,0.35812263684487733,0.026790529415414488,0.012973713575434198,-0.010757014244595076,16.0,ETH/USDT
4195,4196,4199,2021-11-30 08:00:00+00:00,2021-12-01 00:00:00+00:00,1,0.03706998478118351,PROFIT,2.9414495035511403,2.1395465233991895,0.8019029801519507,1.6038059603039094,0.21838628523195822,0.024713323187455637,1.9827000517887814,0.04025770369061066,0.03283586790954285,0.12055607088805353,2.0,ETH/USDT
4244,4245,4248,2021-12-08 12:00:00+00:00,2021-12-09 04:00:00+00:00,0,-0.02808505787304927,STOP,1.1292689367858781,0.036179102623973475,0.6592130621488043,0.8677535440262059,0.6386942270050027,0.028085052327037712,1.8495866158225844,0.0295526151377683,0.010560374976227527,0.03468179511215963,4.0,BTC/USDT
4244,4245,4250,2021-12-08 12:00:00+00:00,2021-12-09 12:00:00+00:00,0,-0.030376390463598968,STOP,1.9886144651296562,1.2428980589857268,0.715960271131741,1.4914328122878657,1.2926349153094732,0.030376390463598923,1.1782241693171827,0.03185877621992517,0.025538188500478842,0.06734118548217038,15.0,ETH/USDT
4335,4336,4342,2021-12-23 16:00:00+00:00,2021-12-24 20:00:00+00:00,0,-0.02067381693027137,STOP,2.1313364629738643,1.721106266143372,1.0495492242521314,0.8204603936609848,0.43957205573522123,0.02067381693027129,4.238001337839951,0.046318960171111145,0.05676449534717265,0.03138075835793086,10.0,ETH/USDT
4353,4354,4358,2021-12-26 16:00:00+00:00,2021-12-27 12:00:00+00:00,1,0.021643478239870895,PROFIT,0.6570838189503982,0.36873718457220456,1.9138960103667517,0.5766932687563774,0.0,0.014428985493247285,-0.6212164353298567,0.00585761970087928,0.008253891067143693,-0.015332391875821472,33.0,BTC/USDT
4466,4467,4478,2022-01-14 12:00:00+00:00,2022-01-16 12:00:00+00:00,0,0.0025639657612099853,TIME,1.2327236833814632,0.6139923655585032,0.6187313178229601,1.2374626356459115,0.0,0.019457491539932707,3.0000574840152114,0.026088628884338938,0.011381650704171076,-0.010360123865107429,15.0,BTC/USDT
4466,4467,4478,2022-01-14 12:00:00+00:00,2022-01-16 12:00:00+00:00,0,0.02298240476364799,TIME,1.4395274269133957,0.5120484599116242,0.06759253191171258,1.719772870180118,0.0,0.022859766274317683,1.5105064975230516,0.023572135606133804,0.00354209335574307,-0.024915520441673444,15.0,ETH/USDT
4560,4561,4564,2022-01-30 04:00:00+00:00,2022-01-30 20:00:00+00:00,0,-0.021690972477535264,STOP,1.2433959697313783,0.8129324139927363,1.9003139740308297,0.860927111477284,0.0,0.021690972477535164,-1.261003852229567,0.00864648774841359,0.010355321903151804,0.0392708442595644,2.0,BTC/USDT
4568,4569,4571,2022-01-31 12:00:00+00:00,2022-02-01 00:00:00+00:00,1,0.04550753584282985,PROFIT,1.7916140881968388,1.2896426728439958,0.9763350317405306,1.003942830705686,0.0,0.03033835722855332,0.826119876795466,0.024491694715814027,0.04322729860234764,0.03039286612984382,9.0,ETH/USDT
4569,4570,4580,2022-01-31 16:00:00+00:00,2022-02-02 12:00:00+00:00,0,-0.021288170304606946,STOP,1.5583419790456552,1.2239516985642467,1.829617951198585,0.6687805609628261,0.03362672632051215,0.021288170304606977,1.2271464939329932,0.01836761798069131,0.0348571177660153,0.014867777983251118,11.0,BTC/USDT
4590,4591,4592,2022-02-04 04:00:00+00:00,2022-02-04 12:00:00+00:00,1,0.04288679136830509,PROFIT,1.9955832881050917,1.697770402313449,1.293266174899211,0.5956257715832854,0.0,0.028590888408298175,2.5361743678693003,0.045307660483266954,0.07945775967915147,0.02007376262111915,31.0,ETH/USDT
4618,4619,4623,2022-02-08 20:00:00+00:00,2022-02-09 16:00:00+00:00,1,0.03414958105591914,PROFIT,0.9348781398134154,0.3804130276462418,3.0164917441820176,1.1089302243343409,1.3554922663338222,0.0227663873706127,-0.07091995285852984,0.021329794206317976,0.003700244750740822,0.020196465454878743,23.0,ETH/USDT
4621,4622,4624,2022-02-09 08:00:00+00:00,2022-02-09 20:00:00+00:00,1,0.03398070811848575,PROFIT,0.8589434697113477,0.5964301843472435,2.8817658414129896,0.5250265707282085,0.5766191817450996,0.022653805412323782,-0.04608771967610261,0.015119465023358591,0.011614886305663985,0.027924127228387663,26.0,ETH/USDT
4665,4666,4668,2022-02-16 16:00:00+00:00,2022-02-17 04:00:00+00:00,0,-0.016749737553496402,STOP,1.443308548034445,0.7212627383313314,0.12919327511311188,1.1857050691800033,0.0,0.01674973376567692,0.9457265023809979,0.014252053332868497,0.0008102443860023012,0.04987474866041253,7.0,BTC/USDT
4665,4666,4667,2022-02-16 16:00:00+00:00,2022-02-17 00:00:00+00:00,0,-0.02456432410470888,STOP,2.012556743350481,1.3321242561974738,0.1186558138671206,1.3608649743060146,0.0,0.02456432410470888,1.6764976076499631,0.03359456277496764,0.006280361962216263,0.1005820171965941,7.0,ETH/USDT
4736,4737,4742,2022-02-28 12:00:00+00:00,2022-03-01 12:00:00+00:00,1,0.05709510359623393,PROFIT,1.9631834742269023,1.5334731860022266,0.5795256775286353,0.8594205764493515,0.14981538930395952,0.0380634023974894,2.3727916043080945,0.066236451634893,0.07951918099729682,0.010900943599465807,17.0,ETH/USDT
4831,4832,4833,2022-03-16 08:00:00+00:00,2022-03-16 16:00:00+00:00,0,-0.023367628622124714,STOP,0.9347406155770532,0.6833607616330861,0.1079292216251623,0.28690126463760185,0.9350996843933449,0.02336762862212467,2.0131978690755794,0.023763927136757568,0.031600294600376166,0.04174957658099565,5.0,BTC/USDT
4865,4866,4871,2022-03-22 00:00:00+00:00,2022-03-23 00:00:00+00:00,0,-0.02029371065338692,STOP,1.7868332878579525,1.575349969842577,2.445045412467616,0.4229666360307582,0.4637720185846787,0.020294250589749263,4.57674130302902,0.04041480538264297,0.017539763113367135,0.025035879988682064,37.0,ETH/USDT
4874,4875,4875,2022-03-23 12:00:00+00:00,2022-03-23 16:00:00+00:00,0,-0.019583210057318445,STOP,1.6264582094166866,1.1908719491068736,3.048177401274741,0.8711725206196261,0.0,0.01958321005731848,1.4056412927901694,0.027891080347062003,0.02870376654224649,0.02591878172588835,46.0,ETH/USDT
4900,4901,4904,2022-03-27 20:00:00+00:00,2022-03-28 12:00:00+00:00,1,0.019750910849611003,PROFIT,3.7351567101238823,2.8876013509545215,2.1307580409754885,1.6951107183387208,1.7870431817249919,0.013167273899740572,4.364038199205916,0.0445476377104419,0.05066828212118146,0.05674612237087118,35.0,BTC/USDT
4947,4948,4953,2022-04-04 16:00:00+00:00,2022-04-05 16:00:00+00:00,0,-0.017824204491324602,STOP,1.5475759865673522,0.7631435882680954,1.464549627445811,1.5688647965985136,0.0,0.017824255536777755,1.3714550993146006,0.019592785416660652,-0.002998004185784886,0.006102603258755446,13.0,ETH/USDT
5041,5042,5042,2022-04-20 08:00:00+00:00,2022-04-20 12:00:00+00:00,0,-0.014034954043114056,STOP,2.9154453753584084,2.0544406313015355,0.861004744056873,1.722009488113746,0.3715733010641183,0.014034957377624464,2.079014987929925,0.018141003699801983,0.01438356857681189,0.0792711727156965,4.0,BTC/USDT
5041,5042,5042,2022-04-20 08:00:00+00:00,2022-04-20 12:00:00+00:00,0,-0.01638873562739096,STOP,2.4757075114059637,1.763883541194023,0.7118239702119408,1.4236479404238815,0.34352570612457534,0.016388735627390984,1.0239723625482033,0.020399708714297304,0.016445448888860348,0.08274121263114531,4.0,ETH/USDT
5127,5128,5132,2022-05-04 16:00:00+00:00,2022-05-05 12:00:00+00:00,0,-0.01598758459741556,STOP,1.8111257870780244,1.20419241157653,0.5553761294583595,0.10311449208627006,0.671970358069053,0.015987588608428575,5.5938047003409395,0.0227340839346013,0.02991887615202793,0.03360286364940013,2.0,BTC/USDT
5127,5128,5132,2022-05-04 16:00:00+00:00,2022-05-05 12:00:00+00:00,0,-0.019828890131801225,STOP,2.0160130846060325,1.54696649583857,0.27312707419771104,0.3918390291394948,0.6110914360388153,0.019828823045077132,5.791975971029605,0.0391841814742675,0.0446345894211535,0.040116690302669955,8.0,ETH/USDT
5236,5237,5241,2022-05-22 20:00:00+00:00,2022-05-23 16:00:00+00:00,0,-0.021044256290647656,STOP,1.3861298724956246,0.18838342226869884,0.9162760344235991,0.5629408316066534,0.0,0.021044256290647677,0.1797890506053619,0.017823962219974954,0.012803862473728111,0.04293341772668802,3.0,ETH/USDT
5238,5239,5241,2022-05-23 04:00:00+00:00,2022-05-23 16:00:00+00:00,0,-0.02110928277310653,STOP,1.703270936911756,0.7261421515457434,0.6181835172723795,0.7178905361872661,0.20331063397129728,0.021109180636522507,0.6808367677442032,0.0176921864844104,0.02957044151418997,0.04454597372929747,5.0,ETH/USDT
5279,5280,5284,2022-05-30 00:00:00+00:00,2022-05-30 20:00:00+00:00,1,0.023219146276970637,PROFIT,2.4333175752045513,2.0263138229576456,0.11913421028091832,0.8140075044938115,0.38909371420288513,0.015479430851313682,1.2870502580224388,0.0300314577458336,0.03892013891028134,0.0532238924050632,3.0,BTC/USDT
5499,5500,5506,2022-07-05 16:00:00+00:00,2022-07-06 20:00:00+00:00,1,0.04754948848862872,PROFIT,1.236359393307904,0.772191529391035,0.31455833457199905,0.29921905868974014,0.0,0.03169965899241909,1.156240055227796,0.04902328560318403,-0.010127259855300164,0.06392672877769923,11.0,ETH/USDT
5564,5565,5565,2022-07-16 12:00:00+00:00,2022-07-16 16:00:00+00:00,1,0.030298433453070706,PROFIT,2.0980923755804226,0.5291977349550054,0.6424351525892051,1.852918976072424,0.0,0.020198955635380503,-0.5313055685752208,0.015828438027637004,0.009886199247757688,0.027096932394987894,9.0,BTC/USDT
5574,5575,5577,2022-07-18 04:00:00+00:00,2022-07-18 16:00:00+00:00,0,-0.02242626437532058,STOP,2.4812830273706914,1.9130550928413714,1.2749224042096599,1.1364558690586475,1.4237418584987171,0.0224262643753205,3.808647704294256,0.045390464858585666,0.05797730045156557,0.08272827357688883,19.0,BTC/USDT
5595,5596,5602,2022-07-21 16:00:00+00:00,2022-07-22 20:00:00+00:00,0,-0.028525211287145136,STOP,1.0293214957265933,0.42798024747062596,1.9911538712477086,1.2026824965119343,0.0,0.02852521128714511,-0.13665879856163846,0.024381755595932253,0.0114619328122465,-0.008870613140164574,40.0,BTC/USDT
5599,5600,5600,2022-07-22 08:00:00+00:00,2022-07-22 12:00:00+00:00,0,-0.0347836979977969,STOP,2.0545219194453237,1.74880358542106,3.1272547541512283,0.6114366680485234,0.8230540920303216,0.03478369799779688,0.9172901215360997,0.02334409280197791,0.04038846043987432,0.022565209525176044,44.0,ETH/USDT
5700,5701,5707,2022-08-08 04:00:00+00:00,2022-08-09 08:00:00+00:00,0,-0.013282820372100379,STOP,2.1549585227973695,0.9839954268214121,0.8194638779654259,0.7029984360210516,0.3237347167813177,0.013282736683851234,1.5292967718237207,0.02149817455376435,0.02792018658936435,0.02593352457804854,11.0,BTC/USDT
5727,5728,5729,2022-08-12 16:00:00+00:00,2022-08-13 00:00:00+00:00,1,0.025318790491859033,PROFIT,0.9457412375017026,0.38318625323528394,0.8868521797352166,1.125109968532846,0.0,0.01687919366123927,-0.598580732066254,0.008211200192154822,0.009038858578046982,0.02278527599576119,7.0,BTC/USDT
5741,5742,5742,2022-08-15 00:00:00+00:00,2022-08-15 04:00:00+00:00,0,-0.022879176263000733,STOP,1.374610699194597,0.8889750639901026,2.256324333206574,0.9712712704089888,1.4687892455777116,0.022879176263000744,1.5043834382241252,0.02636270158269216,0.001088616398796427,-0.0051287958849426385,21.0,ETH/USDT
5852,5853,5853,2022-09-02 12:00:00+00:00,2022-09-02 16:00:00+00:00,0,-0.029117484924884418,STOP,1.895654459737146,1.3491216637721855,0.17519902128715192,0.7426675493556127,0.526174239433244,0.02911766286981537,3.487142908741943,0.02678789932418435,0.02537880212053989,0.048466053258835906,16.0,ETH/USDT
5872,5873,5873,2022-09-05 20:00:00+00:00,2022-09-06 00:00:00+00:00,1,0.030826222901934486,PROFIT,0.9324118994971513,0.9082744624214586,1.5508867279942538,0.048274874151385316,0.16287130437990452,0.02055081526795627,0.33542262882773766,0.020044009810783026,0.032510881635883226,0.03874256802742915,0.0,ETH/USDT
5891,5892,5892,2022-09-09 00:00:00+00:00,2022-09-09 04:00:00+00:00,1,0.02508980061484345,PROFIT,1.8141075635120034,1.4226334933180327,0.304738723974969,0.1734706924380035,0.0,0.016725577976273696,0.02076460333052548,0.032658773888094794,0.03635795065246605,0.06427449275439634,0.0,BTC/USDT
5901,5902,5912,2022-09-10 16:00:00+00:00,2022-09-12 12:00:00+00:00,0,-0.02187803377611175,STOP,3.2200915503017438,1.9485157136961035,1.2715758366056404,2.5431516732112867,0.0,0.021877908116114803,-0.6951335243348882,0.01473390955664211,0.017562828755113946,0.055437681862269717,10.0,ETH/USDT
5999,6000,6003,2022-09-27 00:00:00+00:00,2022-09-27 16:00:00+00:00,0,-0.019157164568410545,STOP,1.7746958890156423,1.7112090802892777,0.5899767193423952,0.12697361745272928,0.9737024705929777,0.019157164568410448,2.1635917705306107,0.04531038880122651,0.05156360851085218,0.054864495921258305,0.0,BTC/USDT
5999,6000,6003,2022-09-27 00:00:00+00:00,2022-09-27 16:00:00+00:00,0,-0.025034813077995488,STOP,1.7209699918960577,1.6068151984637555,0.06284279032384443,0.1026240062169157,0.5736566639653548,0.025034813077995374,1.707044027836016,0.03703870016539823,0.04564697359584047,0.04233552483112435,0.0,ETH/USDT
6020,6021,6022,2022-09-30 12:00:00+00:00,2022-09-30 20:00:00+00:00,0,-0.025615373298012667,STOP,0.7076260563505857,0.646153029201304,0.29089527653367075,0.12294605429856342,0.0,0.02561537329801279,2.909854863097711,0.015246468289750403,0.01777791169801657,0.014499391791436889,0.0,ETH/USDT
6051,6052,6053,2022-10-05 16:00:00+00:00,2022-10-06 00:00:00+00:00,1,0.024208064463765222,PROFIT,1.5751860305928267,0.9644487644717553,0.1379750105434157,1.2214745322421425,0.0,0.016138709642510133,2.351760775406252,0.015244108693201142,-0.0018918259815694505,0.024834964716594632,7.0,ETH/USDT
6159,6160,6161,2022-10-23 16:00:00+00:00,2022-10-24 00:00:00+00:00,0,-0.008007371858481327,STOP,2.5479229493099833,1.8753026714196903,0.18365730898286153,1.3452405557805867,0.6205698976703041,0.008007597709400047,1.5026312759949907,0.016137975022589846,0.017610556523018905,0.01618669231995873,4.0,BTC/USDT
6188,6189,6193,2022-10-28 12:00:00+00:00,2022-10-29 08:00:00+00:00,1,0.02166501978302704,PROFIT,1.3387889773476203,0.7512583807977176,1.4443636540813265,1.1750611930998056,0.0,0.014442902319409631,2.8120899504760533,0.01540864510001616,0.009450637935308093,-0.017368249877918074,33.0,BTC/USDT
6387,6388,6398,2022-11-30 16:00:00+00:00,2022-12-02 12:00:00+00:00,0,-0.012353181392081636,STOP,2.297003589721615,1.901327207341675,1.293952039209613,0.7913527647598625,0.0,0.01235194338435243,2.187934242990676,0.011693004238202631,0.010582095192067209,0.0516556495477587,3.0,BTC/USDT
6413,6414,6416,2022-12-05 00:00:00+00:00,2022-12-05 12:00:00+00:00,0,-0.00930020225160788,STOP,0.8000619033059817,0.6892530796005836,2.5885872830764396,0.22161764741077358,0.340257649092757,0.00930038612616911,2.6699135384776023,0.0053303869470411325,0.009806293408996414,0.01033964733924031,1.0,BTC/USDT
6464,6465,6470,2022-12-13 12:00:00+00:00,2022-12-14 12:00:00+00:00,1,0.013809883905949505,PROFIT,1.9395281191884137,1.891133981930618,0.638851556568778,0.09678827451561363,1.957790634955108,0.009206900427746256,4.635339954577429,0.017673633662622645,0.03501382024758093,0.03494443123044122,0.0,BTC/USDT
6582,6583,6593,2023-01-02 04:00:00+00:00,2023-01-04 00:00:00+00:00,1,0.011379045751898964,PROFIT,1.3637654969945088,0.6188561358871449,0.4870979155600006,0.5156228910947266,0.6280927946317333,0.007585967966495225,1.8331570110427255,0.009276669384495007,0.009411040290236095,0.013577420540757279,7.0,ETH/USDT
6609,6610,6621,2023-01-06 16:00:00+00:00,2023-01-08 16:00:00+00:00,0,-0.0007768407022026302,TIME,1.4190617934169096,1.3004343119776076,1.4855293285102575,0.23725496287860423,0.2840432881859388,0.0058794583376427815,1.2717320638554013,0.005883917766474456,0.008684618251929566,0.0057919436468523156,0.0,BTC/USDT
6694,6695,6697,2023-01-20 20:00:00+00:00,2023-01-21 08:00:00+00:00,1,0.024876971722898267,PROFIT,2.8881297449710344,2.719438036207808,3.514061444307488,0.33738341752645246,1.4710129822394566,0.01658376250896372,5.251158421645879,0.05445215468256248,0.08126978735908263,0.09622743981734705,1.0,BTC/USDT
6747,6748,6750,2023-01-29 16:00:00+00:00,2023-01-30 04:00:00+00:00,0,-0.01741526328173193,STOP,2.13037748180486,1.861389549270912,0.05615850027410395,0.5379758650678965,0.4513511613993355,0.017415263281731822,1.7082457835278013,0.026324281388075077,0.03847844378304388,0.027433683295023936,16.0,ETH/USDT
6860,6861,6862,2023-02-17 12:00:00+00:00,2023-02-17 20:00:00+00:00,1,0.02882894180023121,PROFIT,1.789600181575585,0.717789309723537,1.071810871852048,2.1436217437040885,0.0,0.019219294533487467,2.7003543134330177,0.014320410999326683,0.012243148099052581,0.05791632068448793,14.0,BTC/USDT
6934,6935,6936,2023-03-01 20:00:00+00:00,2023-03-02 04:00:00+00:00,0,-0.015170657285786482,STOP,2.046302881679658,1.150117617317007,0.5234014866623274,0.7455675554006477,0.0,0.015170748388807609,0.2999872743145159,0.018614011585585954,0.005367287919677999,0.0194496311487955,15.0,ETH/USDT
7004,7005,7010,2023-03-13 12:00:00+00:00,2023-03-14 12:00:00+00:00,1,0.03912963406974579,PROFIT,3.1284902379877217,2.8401617809500848,0.28832845703763677,0.5766569140752676,1.5185487889883793,0.026086422713163897,3.1282045373497627,0.08481976455942664,0.07872120880079825,0.19538151269216697,4.0,BTC/USDT
7010,7011,7011,2023-03-14 12:00:00+00:00,2023-03-14 16:00:00+00:00,0,-0.025039818870511543,STOP,4.418311436064899,3.3093056765286777,1.1090057595362215,2.2180115190724377,0.9761687439364088,0.0250398188705116,6.024521189568734,0.05130520001187877,0.0551154348253724,0.2157801467153886,11.0,ETH/USDT
7044,7045,7047,2023-03-20 04:00:00+00:00,2023-03-20 16:00:00+00:00,0,-0.024587440537431116,STOP,1.242496897603783,0.6500236144827427,2.9746256577887724,1.1849465662420857,0.24041736059974855,0.024587440537431088,-0.23408597286680957,0.02289596893913437,-0.016318731399830866,-0.012468855423014902,45.0,ETH/USDT
7052,7053,7059,2023-03-21 12:00:00+00:00,2023-03-22 16:00:00+00:00,0,-0.02371059299623579,STOP,0.9391201138952672,0.8947352869067822,1.6501499176701686,0.08876965397696988,0.5874154428960899,0.023710462182779647,4.8000257259383865,0.02907445467655312,0.03803246016928763,0.010559709189846167,0.0,ETH/USDT
7112,7113,7124,2023-03-31 12:00:00+00:00,2023-04-02 12:00:00+00:00,0,-0.012991402000350871,TIME,1.289621398804085,0.9941038738360606,0.29551752496802447,0.5910350499360416,0.0,0.01764951650298721,1.6343964361560697,0.02030294360814633,0.011593838629869513,0.0018352629963516165,14.0,BTC/USDT
7172,7173,7173,2023-04-10 12:00:00+00:00,2023-04-10 16:00:00+00:00,1,0.012547556499047374,PROFIT,1.245751470093223,1.15222342916471,0.7467530998179847,0.18705608185702632,0.09466298794202954,0.00836504060738878,2.8795931207595005,0.004726273246283608,0.00569090597256916,0.01515918428539309,4.0,BTC/USDT
7189,7190,7193,2023-04-13 08:00:00+00:00,2023-04-14 00:00:00+00:00,1,0.021539246093333242,PROFIT,2.6428308511862477,2.391683875348519,0.25114697583772894,0.5022939516754579,1.03001828847413,0.014359425070092632,6.98795501801201,0.032981097913122204,0.03547009215652519,0.03649177760375877,16.0,ETH/USDT
7218,7219,7221,2023-04-18 04:00:00+00:00,2023-04-18 16:00:00+00:00,0,-0.013929558805610531,STOP,0.8511082282629311,0.577574348878428,3.233271288432176,0.5470677587690063,0.40726725059248015,0.013929558805610538,0.4193241865455097,0.00990051401891634,0.010653757687162813,0.0010867492850334948,45.0,ETH/USDT
7322,7323,7323,2023-05-05 12:00:00+00:00,2023-05-05 16:00:00+00:00,1,0.020798131957964427,PROFIT,2.6680074835613885,2.108726507125653,0.5592809764357353,1.1185619528714705,0.6974627922014156,0.013865421305309624,6.74058323939522,0.022048974466303717,0.029927553807379548,0.053973701107747685,9.0,ETH/USDT
7462,7463,7466,2023-05-28 20:00:00+00:00,2023-05-29 12:00:00+00:00,0,-0.010338728946767128,STOP,3.476932412804181,2.8337176533009494,0.6432147595032316,1.2864295190064632,1.4987651378616056,0.0103387289467671,4.722059011593282,0.032383692941793774,0.03533496067263364,0.044233746765219184,10.0,ETH/USDT
7599,7600,7601,2023-06-20 16:00:00+00:00,2023-06-21 00:00:00+00:00,1,0.018937370611149973,PROFIT,3.7505372068265808,2.948843213618753,1.3332269683230284,1.603387986415655,1.360068279626314,0.012624913740766713,11.145526394096724,0.03364518155890628,0.04287086824753916,0.05001013133208265,23.0,BTC/USDT
7599,7600,7601,2023-06-20 16:00:00+00:00,2023-06-21 00:00:00+00:00,1,0.01881366438068066,PROFIT,2.739381338920799,2.2009450427602233,1.071951280100307,1.0768725923211506,0.4894468699623335,0.012542372540324033,6.715988964015006,0.02864102327299589,0.030121561396308616,0.023413138233419284,21.0,ETH/USDT
7728,7729,7731,2023-07-12 04:00:00+00:00,2023-07-12 16:00:00+00:00,0,-0.009220592973296138,STOP,0.8541812090829344,0.4921305888025133,0.1503663753298782,0.4233684899010858,0.0,0.009220592973296122,-0.027402171891554764,0.004958755498830847,0.005166766453065907,0.020852082717578657,9.0,BTC/USDT
7736,7737,7737,2023-07-13 12:00:00+00:00,2023-07-13 16:00:00+00:00,1,0.01469765336952844,PROFIT,1.1800242139392798,0.9654623533986809,0.08084030714828967,0.42912372108119773,0.2050221101257957,0.00979843557968569,4.626493150031087,0.012227937476406936,0.020445897271801128,0.010492393725415772,17.0,BTC/USDT
7736,7737,7737,2023-07-13 12:00:00+00:00,2023-07-13 16:00:00+00:00,1,0.015188689908570252,PROFIT,1.926050962088022,1.7221792725076734,0.36252371868986843,0.4077433791606971,1.070709587758441,0.010125793272380121,6.090728826048485,0.02605482768139633,0.035021955660276216,0.03264963749338823,17.0,ETH/USDT
7737,7738,7743,2023-07-13 16:00:00+00:00,2023-07-14 16:00:00+00:00,0,-0.012034046836686185,STOP,2.7329081292948696,2.566734654197543,0.5957673085882863,0.33234695019465327,2.230847667565987,0.012034107150164924,16.96480869186435,0.032310637417218624,0.06677324151500241,0.06417306246099841,18.0,ETH/USDT
8018,8019,8019,2023-08-29 12:00:00+00:00,2023-08-29 16:00:00+00:00,1,0.015122977220075606,PROFIT,2.491530160913044,2.4125469205264176,0.9418762718802178,0.15796648077326572,2.49192801581598,0.010081984813383692,15.732387910958085,0.05574049442648943,0.05138366894540125,0.04981557796735703,4.0,BTC/USDT
8137,8138,8139,2023-09-18 08:00:00+00:00,2023-09-18 16:00:00+00:00,0,-0.008501889391670958,STOP,2.140765348697482,1.910049228617404,2.9617272360305527,0.461432240160156,0.9967749445814035,0.008501889391671055,3.86079591613939,0.018206581864101512,0.025236820191567144,0.025369013602351664,30.0,BTC/USDT
8143,8144,8144,2023-09-19 08:00:00+00:00,2023-09-19 12:00:00+00:00,0,-0.009908385989975788,STOP,1.454570478488071,1.3125167905956765,2.59313981872553,0.28410737578477535,0.10560235030800358,0.009908389627741484,3.307996768875561,0.014539685874249253,0.017750577206697038,0.0252530708590879,36.0,BTC/USDT
8196,8197,8198,2023-09-28 04:00:00+00:00,2023-09-28 12:00:00+00:00,1,0.014627717424706477,PROFIT,1.3168396540888774,0.5119811783269336,0.48047707984609,0.6487627918317219,0.0,0.00975181161647107,0.32190149280613606,0.0080928813770349,0.01356976096440432,0.019164201648939505,7.0,ETH/USDT
8198,8199,8204,2023-09-28 12:00:00+00:00,2023-09-29 12:00:00+00:00,0,-0.009291796066442592,STOP,1.9627247842463866,1.3162169340222467,0.5254233007566685,0.24216909893495703,0.4261857497704064,0.009291792627583952,6.783727044691888,0.020511063782696848,0.024293807798962286,0.034192659911370216,7.0,BTC/USDT
8218,8219,8220,2023-10-01 20:00:00+00:00,2023-10-02 04:00:00+00:00,1,0.013233490860479202,PROFIT,3.6596456673609827,2.858958352181167,1.0468813287732535,1.6013746303596315,1.532699458146728,0.008822330391986937,4.325065878027499,0.03282106569673782,0.02960381731304329,0.0403468098960269,27.0,BTC/USDT
8255,8256,8257,2023-10-08 00:00:00+00:00,2023-10-08 08:00:00+00:00,0,-0.008409972398905174,STOP,1.4283245896075447,0.7624623076227257,1.1114510844558187,1.331724563969638,0.0,0.008409972398905136,0.014458449073093783,0.003870274964793863,0.004476409995776587,0.018348500682167757,7.0,BTC/USDT
8304,8305,8306,2023-10-16 04:00:00+00:00,2023-10-16 12:00:00+00:00,1,0.011418904397825447,PROFIT,2.743158899056007,2.46722039641694,0.04292376707718141,0.5518770052781349,1.730841946169103,0.007612600198361248,4.927453892832924,0.022512182441423167,0.029778044834758433,0.03648320728875132,3.0,BTC/USDT
8324,8325,8327,2023-10-19 12:00:00+00:00,2023-10-20 00:00:00+00:00,1,0.016671312627480672,PROFIT,0.8657549006129203,0.6502534112561037,0.6383791435090351,0.4310029787136331,0.030195462897104175,0.011114208418320415,1.028828323679549,0.008063073338467452,0.014865180467091399,0.007672410521922135,23.0,BTC/USDT
8327,8328,8329,2023-10-20 00:00:00+00:00,2023-10-20 08:00:00+00:00,1,0.018522037891513854,PROFIT,2.0162931864855964,1.679962696243867,0.9960828508303847,0.6726609804834591,0.2863580647262574,0.012348021037350979,0.8808519328068612,0.01816797620370214,0.019361515253264683,0.02528404926349559,26.0,BTC/USDT
8336,8337,8344,2023-10-21 12:00:00+00:00,2023-10-22 20:00:00+00:00,1,0.01532494636140469,PROFIT,2.5658320016078546,2.0031759033515377,0.4070054392994335,1.1253121965126343,0.0,0.010216630907603117,0.6876436709753071,0.012444985951214571,0.019409272136647227,0.04323597232897769,4.0,ETH/USDT
8395,8396,8402,2023-10-31 08:00:00+00:00,2023-11-01 12:00:00+00:00,0,-0.011329780364250808,STOP,0.9335898090457518,0.5279218185130704,4.5678132559404565,0.8113359810653442,0.0,0.01132977707913944,0.6845053041933578,0.01004709006036264,0.0003927514443184954,0.006844786025262506,10.0,BTC/USDT
8395,8396,8396,2023-10-31 08:00:00+00:00,2023-10-31 12:00:00+00:00,0,-0.013681182405827497,STOP,0.8951725090928032,0.5607956840018475,1.8441725167580765,0.6687536501819114,0.0,0.013681258017117361,0.7442277807887511,0.010516145606451532,0.00020452836863760204,0.011600863216038926,4.0,ETH/USDT
8397,8398,8402,2023-10-31 16:00:00+00:00,2023-11-01 12:00:00+00:00,0,-0.014001189068735709,STOP,0.9549443697970724,0.6285797116222095,1.2454296152338917,0.6527293163497259,0.0,0.01400118906873565,0.23921092086455464,0.011169660500373935,0.011666610818840795,0.010261729882268922,6.0,ETH/USDT
8403,8404,8408,2023-11-01 16:00:00+00:00,2023-11-02 12:00:00+00:00,0,-0.014702635712122603,STOP,1.0845636650474686,0.9147937933111752,0.22626721039376507,0.3395397434725868,0.3843671400467106,0.014702555628045526,6.188282497205536,0.02432628466216591,0.017322014362975535,0.019089541551254197,12.0,ETH/USDT
8404,8405,8408,2023-11-01 20:00:00+00:00,2023-11-02 12:00:00+00:00,0,-0.012665976191490902,STOP,1.4831928358890136,1.389917942662272,0.9068321195307703,0.18654978645346695,0.8338515784834666,0.012665976191490845,3.990747923901352,0.024994740675514437,0.02897275075259831,0.027460693673307945,2.0,BTC/USDT
8423,8424,8428,2023-11-05 00:00:00+00:00,2023-11-05 20:00:00+00:00,0,-0.01312628895934187,STOP,2.1389519615155925,1.9109382705685454,0.8825067711090507,0.4560273818940944,0.3832162873059518,0.013126358462825772,0.38689681855837066,0.017806137296959346,0.031013718971268256,0.05017961008485594,1.0,ETH/USDT
8439,8440,8446,2023-11-07 16:00:00+00:00,2023-11-08 20:00:00+00:00,1,0.017405155115658433,PROFIT,1.4312278909744747,1.0913905715606325,0.11354244261520398,0.4525897535972587,0.2800032961859964,0.011603436743772256,4.608611981002804,0.021103803062276327,0.014776870035271505,0.013312198594898295,8.0,BTC/USDT
8439,8440,8450,2023-11-07 16:00:00+00:00,2023-11-09 12:00:00+00:00,1,0.02125067274658754,PROFIT,1.6662547214293975,1.0556859277221244,0.7534758015722358,1.221137587414546,0.1429070078649628,0.014167115164391685,1.3424668097034127,0.016703343889217015,0.0012580345060893006,0.0031350950590478543,17.0,ETH/USDT
8447,8448,8450,2023-11-09 00:00:00+00:00,2023-11-09 12:00:00+00:00,1,0.019381670896808867,PROFIT,1.581064172846812,1.4200746622604568,1.3150332909198301,0.32197902117271066,0.3618987745804637,0.012921046610245276,1.9852648914052011,0.016529669724381968,0.015991572795799103,0.0154594177058478,25.0,ETH/USDT
8455,8456,8467,2023-11-10 08:00:00+00:00,2023-11-12 08:00:00+00:00,0,-0.00042081297830376396,TIME,1.3893329015702218,0.9628896664351475,0.7664707534162415,0.8528864702701484,0.06332175239960247,0.015987858039906596,0.152688537716967,0.017319164280551025,0.01008144444756276,0.0492573191825032,24.0,BTC/USDT
8512,8513,8516,2023-11-19 20:00:00+00:00,2023-11-20 12:00:00+00:00,0,-0.011672089467981817,STOP,1.4214771413920186,1.2106783601678575,1.013426793173966,0.4215975624483223,0.14289071835597278,0.011672086343749128,1.0180329804490735,0.01112047237040703,0.024860082482891954,0.02037312584940376,0.0,BTC/USDT
8579,8580,8581,2023-12-01 00:00:00+00:00,2023-12-01 08:00:00+00:00,1,0.01563421084316663,PROFIT,1.1715816071492504,0.8633652318102587,0.8981053817155058,0.6164327506779833,0.0,0.010422804489037646,0.42116593083638776,0.008458549950747685,0.011249649121314986,0.002703180691657092,11.0,BTC/USDT
8589,8590,8596,2023-12-02 16:00:00+00:00,2023-12-03 20:00:00+00:00,1,0.01863474696718237,PROFIT,2.0812024368528355,1.5993545735503,1.1069729883376958,0.9636957266050704,1.8623247461903458,0.012423107097367096,4.6211341862704876,0.025948473744991984,0.029952432979165167,0.057479315969687805,18.0,ETH/USDT
8618,8619,8620,2023-12-07 12:00:00+00:00,2023-12-07 20:00:00+00:00,1,0.025900789054586593,PROFIT,2.0437138992504456,1.600892589293224,2.060553582868553,0.8856426199144428,0.2209117013899383,0.01726719270305761,2.4100937355862935,0.038165515082399626,0.03215551316766474,0.04170611860261619,47.0,ETH/USDT
8672,8673,8675,2023-12-16 12:00:00+00:00,2023-12-17 00:00:00+00:00,0,-0.014446030508848962,STOP,0.9568475573233074,0.23234708897475398,0.48032073828667415,0.4883594601237585,0.0008124024090026363,0.014446027118080355,-0.04160207220683401,0.0064256369710000705,0.006382844531519494,0.0036684643052675714,11.0,BTC/USDT
8701,8702,8702,2023-12-21 08:00:00+00:00,2023-12-21 12:00:00+00:00,0,-0.017123801999916477,STOP,1.5995365089776898,0.7427437800154917,0.6014786046155753,0.5106282486932455,0.0,0.017123725995806378,1.2340816710699958,0.017109759786195777,0.023086319403134326,0.007548756109886368,9.0,ETH/USDT
8749,8750,8750,2023-12-29 08:00:00+00:00,2023-12-29 12:00:00+00:00,0,-0.01741688664145158,STOP,1.4516599896443751,0.6486179003333953,1.0747366851218676,1.6060841786219704,0.0,0.01741696006536569,-0.38408377331786364,0.016894658098590032,0.011923298423735629,0.0376958174572275,7.0,ETH/USDT
8809,8810,8811,2024-01-08 08:00:00+00:00,2024-01-08 16:00:00+00:00,1,0.022884200098422625,PROFIT,1.5363316207084763,1.2854331891885449,0.6546957813615605,0.5017968630398524,0.3304096871147086,0.015256136816848004,0.5731945388995584,0.015041427371058846,0.016093461679773435,0.022074347018086637,20.0,BTC/USDT
8818,8819,8821,2024-01-09 20:00:00+00:00,2024-01-10 08:00:00+00:00,1,0.029646706109752285,PROFIT,1.6238668278391015,1.2979711725976029,0.39927613390514977,0.6517913104829973,0.14589765757831888,0.019764555048818567,5.076453984674553,0.032313037504788866,0.01980633036941648,0.05531146743974569,2.0,ETH/USDT
8823,8824,8824,2024-01-10 16:00:00+00:00,2024-01-10 20:00:00+00:00,0,-0.021053585246612272,STOP,0.935547162877893,0.6481030352306111,1.5262512818817795,0.5748882552945711,0.0,0.021053589775318845,2.7964649929728846,0.02069933079233488,0.015979726377781445,-0.010433733118912825,34.0,BTC/USDT
8948,8949,8950,2024-01-31 12:00:00+00:00,2024-01-31 20:00:00+00:00,0,-0.01294315205575225,STOP,1.2877977319817338,0.8598711428410983,2.9574980954187478,0.8558531782812707,0.0,0.012943155040720888,3.1216258024661334,0.016721073307575107,0.01004028178849925,0.016869617217867505,31.0,BTC/USDT
8985,8986,8991,2024-02-06 16:00:00+00:00,2024-02-07 16:00:00+00:00,1,0.017555165281794904,PROFIT,2.016411887942907,1.858119334801791,0.5204888999200524,0.3165851062822485,0.7459413111154004,0.011703492713517814,1.7945408851251485,0.015095531074265978,0.022327643995255997,0.0436338911675036,3.0,ETH/USDT
8991,8992,8992,2024-02-07 16:00:00+00:00,2024-02-07 20:00:00+00:00,1,0.015120782391193632,PROFIT,1.4771871941808417,1.2292721185565458,0.4359666210611478,0.4958301512485918,0.15948445048416948,0.010080521594129078,2.740982987264494,0.012639339436113506,0.016250512896328173,0.019878471735067738,2.0,BTC/USDT
9020,9021,9021,2024-02-12 12:00:00+00:00,2024-02-12 16:00:00+00:00,1,0.018665456332840336,PROFIT,2.18557124521939,1.7256163393038897,2.7760666316047824,0.9199098118310005,0.4079586375213717,0.012443637555226922,3.2777135579053467,0.028016687029773113,0.023098891253219955,0.027071412796884076,38.0,ETH/USDT
9067,9068,9068,2024-02-20 08:00:00+00:00,2024-02-20 12:00:00+00:00,0,-0.011096588046495048,STOP,1.1862357360863351,0.9265473858328555,2.5609867123780696,0.5193767005069717,0.0,0.011096588046495076,1.5274632951921554,0.008632835949882178,0.009890346120588145,0.008774307614155763,7.0,BTC/USDT
9076,9077,9077,2024-02-21 20:00:00+00:00,2024-02-22 00:00:00+00:00,0,-0.01970072252143429,STOP,1.3680526621446258,0.8324358444584857,1.8416718438728352,1.07123363537228,0.20283916205819186,0.019700788900768245,-0.12385128485575801,0.018846549948506652,0.023731502880204314,0.00784433577832111,17.0,ETH/USDT
9090,9091,9095,2024-02-24 04:00:00+00:00,2024-02-25 00:00:00+00:00,1,0.026575295551465095,PROFIT,0.22965293911452225,0.048510850944799115,1.5997155292423921,0.36228417633944626,0.0,0.017716863700976637,-0.3149044500061812,0.011562390152174418,0.0061371559306040435,-0.009927216003794426,31.0,ETH/USDT
9104,9105,9105,2024-02-26 12:00:00+00:00,2024-02-26 16:00:00+00:00,1,0.015627307468820018,PROFIT,2.1032756650431508,1.9305124311695387,0.048190606609890545,0.34552646774722345,0.7102892160824076,0.010418206950777968,2.685399996292718,0.0342984861423985,0.024958108325401795,0.03410963820667745,6.0,BTC/USDT
9118,9119,9123,2024-02-28 20:00:00+00:00,2024-02-29 16:00:00+00:00,0,-0.02271147630422754,STOP,3.5131467749041256,2.577350002894655,1.069950516458251,1.8715935440189408,1.6153565068942821,0.022711479942015802,0.9992062523541572,0.024297998838741286,0.059228440048041175,0.14603791324951843,20.0,BTC/USDT
9268,9269,9272,2024-03-24 20:00:00+00:00,2024-03-25 12:00:00+00:00,1,0.036540750237783914,PROFIT,1.0807900264619867,0.6671396689478465,0.28904435078056323,0.24921201346715394,0.49990919983937276,0.024360570666890638,-0.1622737485695259,0.021427937915742712,0.019956426500717273,0.03555682107692548,16.0,ETH/USDT
9272,9273,9284,2024-03-25 12:00:00+00:00,2024-03-27 12:00:00+00:00,0,-0.013154218402494422,TIME,2.55050250787765,2.287186917044757,0.7804434596766154,0.5266311816657759,0.6127286189000635,0.020572760002703513,2.4421012540269253,0.044632439831373105,0.036259094283593196,0.07200780903799386,4.0,BTC/USDT
9272,9273,9284,2024-03-25 12:00:00+00:00,2024-03-27 12:00:00+00:00,0,-0.023143760614562914,STOP,1.960932226761196,1.8138683419068888,0.7663246895771574,0.2941277697086144,0.003498648614252957,0.023143760614562966,1.8235338877268612,0.04228520541646419,0.03661971015667276,0.051678167669945596,0.0,ETH/USDT
9288,9289,9296,2024-03-28 04:00:00+00:00,2024-03-29 12:00:00+00:00,0,-0.021254471582811796,STOP,1.1199178181684817,0.632035434939094,2.082122982502974,0.9757647664587754,0.0,0.021254471582811792,-0.0033561619924269734,0.022098546878262182,0.023688265858535118,-0.01684946618140204,16.0,ETH/USDT
9309,9310,9312,2024-03-31 16:00:00+00:00,2024-04-01 04:00:00+00:00,0,-0.010778968923961907,STOP,1.252860312002457,1.0443528706452108,3.377872799307069,0.41701488271451176,0.0,0.01077897044162418,0.2679270255481313,0.00912702026807466,0.010266745925029186,0.019485978739410603,1.0,BTC/USDT
9352,9353,9355,2024-04-07 20:00:00+00:00,2024-04-08 08:00:00+00:00,1,0.023910355556622243,PROFIT,2.165425710206871,0.4566772580990602,1.239267158734938,0.9389625867457456,0.14538482605222094,0.015940237037748196,0.33217340384307403,0.02153256501024714,0.018835868968893887,0.041095890410958846,5.0,ETH/USDT
9355,9356,9358,2024-04-08 08:00:00+00:00,2024-04-08 20:00:00+00:00,1,0.026311623124782413,PROFIT,3.261675687630402,2.7356900768858083,0.4658079610666239,1.0519712214891868,1.416175458523257,0.01754103380161427,4.516356323586952,0.045827720013356776,0.051786231254704385,0.09079554564096703,8.0,ETH/USDT
9437,9438,9449,2024-04-22 00:00:00+00:00,2024-04-24 00:00:00+00:00,0,0.013768674997324926,TIME,2.328016783674889,1.3836861367420423,0.1968834375060558,1.888661293865693,0.1609203981130227,0.018685744473477723,1.12421193718195,0.011739089929882596,0.010144104677948018,0.02732347238726618,9.0,BTC/USDT
9437,9438,9449,2024-04-22 00:00:00+00:00,2024-04-24 00:00:00+00:00,0,0.01489613145710611,TIME,2.3066408694053475,1.463341397513111,0.29065175972985013,1.6865989437844726,0.10287283201706393,0.02067496862094557,0.824303553150816,0.013479812051453877,0.009902431920780552,0.043884305904142495,9.0,ETH/USDT
9451,9452,9452,2024-04-24 08:00:00+00:00,2024-04-24 12:00:00+00:00,0,-0.015772216441319542,STOP,2.385154552615625,1.7958930069050336,2.1811998351714887,1.1785230914211824,0.33449925953540305,0.01577226449862815,0.9884086899284807,0.00979966831891832,0.019413193516925276,0.027365442285900432,23.0,ETH/USDT
9578,9579,9579,2024-05-15 12:00:00+00:00,2024-05-15 16:00:00+00:00,1,0.0213227046156641,PROFIT,2.122579145396863,1.9444200292391567,0.34117275108275524,0.356318232315413,0.889839138486086,0.014215138606674876,5.672744819524715,0.03614586091448335,0.044796133139004546,0.0273500841243135,13.0,BTC/USDT
9588,9589,9590,2024-05-17 04:00:00+00:00,2024-05-17 12:00:00+00:00,1,0.022228454974059897,PROFIT,1.6284288290161695,1.2893122623488786,0.1423397167985117,0.6782331333345816,0.0,0.014818920989031302,2.0367810465084015,0.025141586651708847,0.027136337086893336,0.03708542058830577,6.0,ETH/USDT
9605,9606,9609,2024-05-20 00:00:00+00:00,2024-05-20 16:00:00+00:00,1,0.015979298959965638,PROFIT,0.7375027722002813,0.2959598828983891,3.2522360882653762,0.8830857786037638,1.8862717299385092,0.01065286437558541,-0.05275029301073089,0.0060538060093240365,-0.003209155106871253,-0.004030619142117331,40.0,BTC/USDT
9609,9610,9610,2024-05-20 16:00:00+00:00,2024-05-20 20:00:00+00:00,1,0.027233358594120016,PROFIT,3.986739909259643,3.486735678343601,0.986914733674041,1.0000084618320908,2.4837240678514,0.018155519600910712,10.473637622383446,0.10272147454088931,0.11228017970521353,0.1023114476117819,27.0,ETH/USDT
9620,9621,9621,2024-05-22 12:00:00+00:00,2024-05-22 16:00:00+00:00,0,-0.013798279136376435,STOP,1.581796333397441,0.8613436622313733,3.1451725352149738,1.4409053423321354,0.0,0.0137982771779487,0.8472362256338392,0.010321335583147295,0.00714995142641639,0.04502981979083631,55.0,BTC/USDT
9644,9645,9649,2024-05-26 12:00:00+00:00,2024-05-27 08:00:00+00:00,1,0.029847794707975384,PROFIT,1.4344009464050864,0.948280558028556,3.4382422209920476,0.9722407767530669,0.0,0.019898581718362122,0.381471639041522,0.0050500945253935114,0.016295514623805962,0.03773482742096612,2.0,ETH/USDT
9650,9651,9651,2024-05-27 12:00:00+00:00,2024-05-27 16:00:00+00:00,0,-0.011927939576552471,STOP,2.332123741574954,1.7342133987720916,0.05710225745702991,1.0816161706916654,0.2526640126023738,0.011927941271491637,2.1631152719131834,0.028342382894182006,0.02178517898702026,0.020940687998328933,9.0,BTC/USDT
9655,9656,9657,2024-05-28 08:00:00+00:00,2024-05-28 16:00:00+00:00,0,-0.01927648161116391,STOP,1.365763391690668,0.7162651039747548,4.4922773452878255,1.2989965754318322,0.85102777738873,0.019276481611163958,0.6553456375119657,0.01482861962576254,0.002598723235975431,0.02374278604747504,13.0,ETH/USDT
9692,9693,9693,2024-06-03 12:00:00+00:00,2024-06-03 16:00:00+00:00,0,-0.010862346581482774,STOP,1.5026477837320293,1.2384532416878296,0.06997293876221515,0.3884432065639886,0.5210363878537158,0.010862345021143263,3.2239425588227464,0.007748697162709872,0.018023096740247935,0.028423158787956204,2.0,BTC/USDT
9705,9706,9710,2024-06-05 16:00:00+00:00,2024-06-06 12:00:00+00:00,0,-0.012128025485211302,STOP,1.5429231707522342,1.2699231859630833,0.21131708990106657,0.12336578977616822,0.2978858423819302,0.012127994199514597,3.140595294136572,0.016509421593358553,0.017576740743074026,0.02733343933852761,1.0,ETH/USDT
9770,9771,9774,2024-06-16 12:00:00+00:00,2024-06-17 04:00:00+00:00,0,-0.013880055158314808,STOP,1.6296098160913874,1.0026979470294568,0.18062202466494112,0.8925796887939792,0.0,0.013880055158314815,0.33906674841091083,0.010294547827456535,0.010371278843097409,0.03739302971051961,1.0,ETH/USDT
9856,9857,9857,2024-06-30 20:00:00+00:00,2024-07-01 00:00:00+00:00,1,0.01517488196784278,PROFIT,1.907175521200923,1.6515965536006574,0.3917518005710129,0.511157935200531,0.5271648371623543,0.010116587978561853,2.0535136815607564,0.01201383336855999,0.019688271604938246,0.038792880897281945,2.0,BTC/USDT
9926,9927,9928,2024-07-12 12:00:00+00:00,2024-07-12 20:00:00+00:00,0,-0.017471687772131705,STOP,0.972375627183788,0.54408054146616,0.6573195332365297,0.8565901714352558,0.265382840535335,0.017471684770845448,1.7893675194751006,0.01766429140574166,0.02284130041091803,0.008913566086750091,25.0,BTC/USDT
9926,9927,9937,2024-07-12 12:00:00+00:00,2024-07-14 08:00:00+00:00,1,0.028654189744279135,PROFIT,1.2992887941006144,0.649059282436394,0.514733684641762,1.3004590233284408,0.561710029358986,0.019102793162852728,0.32034091504540657,0.01998045602605858,0.014777654630655945,0.0027475694577874243,19.0,ETH/USDT
9940,9941,9941,2024-07-14 20:00:00+00:00,2024-07-15 00:00:00+00:00,1,0.02073749246443235,PROFIT,1.9598851563418311,1.4285117669731358,3.0141620572285235,1.0627467787373908,0.48579207304070643,0.013825506211572745,1.132635797803232,0.016979535554232372,0.013188295387843274,0.035483171021226,6.0,ETH/USDT
9959,9960,9963,2024-07-18 00:00:00+00:00,2024-07-18 16:00:00+00:00,0,-0.017121176388764647,STOP,1.7152455847573018,0.7291112893031567,2.0096305444514337,1.9722685909082904,0.12995832132204402,0.017121176388764623,-0.6167877422530375,0.013093990345580897,-0.001678706610380054,-0.010984260025190928,25.0,ETH/USDT
9968,9969,9975,2024-07-19 12:00:00+00:00,2024-07-20 16:00:00+00:00,1,0.023742869239053555,PROFIT,1.5617035493472935,1.3918905810308901,2.9274738563225355,0.33962593663280694,1.156316320244484,0.015828577088486628,2.334994377342481,0.02683838667415306,0.023502059852312573,0.01719238347562224,0.0,BTC/USDT
9968,9969,9980,2024-07-19 12:00:00+00:00,2024-07-21 12:00:00+00:00,0,0.010086580086580144,TIME,0.7375542871037362,0.6847106917100672,2.5034327926152833,0.10568719078733789,1.195358571663657,0.01662997894524764,1.0643158132492987,0.0177586399337355,0.01032484932601263,0.008096777290619972,34.0,ETH/USDT
9969,9970,9981,2024-07-19 16:00:00+00:00,2024-07-21 16:00:00+00:00,0,-0.01671428736849967,STOP,1.463383151545817,1.3195837220957314,2.5871584979037863,0.2875988589001715,1.0476512315058908,0.016714334812240002,1.2925102808618845,0.016730158730158706,0.038736993563490696,0.031075951404681,35.0,ETH/USDT
9987,9988,9988,2024-07-22 16:00:00+00:00,2024-07-22 20:00:00+00:00,0,-0.014468454277660414,STOP,0.6545715828557037,0.43624933744200856,2.154376257005341,0.4366444908273813,0.0,0.014468619719344015,0.005953526565527375,0.011856587073167058,0.005533374150950454,-0.0046408399607335005,53.0,ETH/USDT
9991,9992,9992,2024-07-23 08:00:00+00:00,2024-07-23 12:00:00+00:00,0,-0.015824970116775083,STOP,0.8283496783493075,0.6246320909314425,1.8819838700010325,0.40743517483573016,0.08806494736192869,0.015825015125222528,3.4731520415172206,0.017702701138113452,0.022211885102918938,0.004918843371565673,57.0,ETH/USDT
10111,10112,10112,2024-08-12 08:00:00+00:00,2024-08-12 12:00:00+00:00,0,-0.026681199264385835,STOP,1.5034726147877155,1.1622999829705019,0.9456457241216065,0.6823452636344273,0.6978355875443616,0.02668119926438593,1.013759814347706,0.041417536916646736,0.04626317807918978,0.014040916642013457,21.0,ETH/USDT
10119,10120,10124,2024-08-13 16:00:00+00:00,2024-08-14 12:00:00+00:00,0,-0.026055746607095753,STOP,1.152668371730432,0.9810809420466092,2.648971622747237,0.3431748593676456,0.0,0.026055746607095687,0.9996412983605524,0.022420814479638063,0.023601893587623657,0.043246404469308164,1.0,ETH/USDT
10157,10158,10160,2024-08-20 00:00:00+00:00,2024-08-20 12:00:00+00:00,0,-0.01495838417963058,STOP,2.3430929613770646,1.8526407108736003,0.01933797338260688,0.9422285542417146,0.3449404798751385,0.014958386647229756,1.4874282690276037,0.01986389293134927,0.03553069701622369,0.021601208815617667,12.0,BTC/USDT
10167,10168,10169,2024-08-21 16:00:00+00:00,2024-08-22 00:00:00+00:00,0,-0.01702369477243104,STOP,1.7781347887397876,1.596641012107225,0.9132409638988993,0.3629875532651252,0.10742748609636352,0.01702369477243103,2.7874222291022455,0.034584737816701905,0.031116023579849994,0.04413394964991757,22.0,BTC/USDT
10176,10177,10179,2024-08-23 04:00:00+00:00,2024-08-23 16:00:00+00:00,1,0.024092706684435194,PROFIT,1.2506761007906637,1.0058822612196492,0.48398972568827925,0.48958767914203943,0.0,0.016061864630214615,1.8868394987271873,0.012713793574431254,0.024027468733215818,0.026342705097050167,1.0,ETH/USDT
10287,10288,10290,2024-09-10 16:00:00+00:00,2024-09-11 04:00:00+00:00,0,-0.018851835423958963,STOP,2.251280207624579,0.513356056845509,1.1510405337082985,1.1737672341415526,0.0,0.01885183542395888,0.7489961440115127,0.023965488320480288,0.007285774124078159,0.04781500732805477,8.0,ETH/USDT
10299,10300,10305,2024-09-12 16:00:00+00:00,2024-09-13 16:00:00+00:00,1,0.02649588102117506,PROFIT,0.9725441706204481,0.8006824757752399,0.1765373879731951,0.34372338969042737,0.0,0.017663920680783363,-0.25486808450070597,0.016283574380165478,0.0006102755139665295,-0.008274772863785418,20.0,ETH/USDT
10304,10305,10316,2024-09-13 12:00:00+00:00,2024-09-15 12:00:00+00:00,0,0.00038209312273917995,TIME,1.628434444189873,1.3620327272887172,1.1278444135817585,0.5328034338023115,0.22543127206193597,0.016599385954514885,2.925338021554099,0.02269840932741518,0.021964822328992772,0.0352078765209165,25.0,ETH/USDT
10361,10362,10362,2024-09-23 00:00:00+00:00,2024-09-23 04:00:00+00:00,0,-0.013037365168804271,STOP,2.674853815397666,1.8154297040069918,2.0396174522701864,1.718848222781348,0.5431661694276972,0.013037365168804304,1.738926799121215,0.01219338030499495,0.02716396508210739,0.023285737205708257,29.0,BTC/USDT
10371,10372,10376,2024-09-24 16:00:00+00:00,2024-09-25 12:00:00+00:00,0,-0.017421374942816703,STOP,0.8874897712566595,0.47947836836559626,3.1466038632195654,0.8160228057821167,0.8542468039829052,0.017421374942816675,0.2098484134857627,0.014564927806954397,0.0013184737438609595,0.027971160074000245,34.0,ETH/USDT
10380,10381,10382,2024-09-26 04:00:00+00:00,2024-09-26 12:00:00+00:00,1,0.01766146099779342,PROFIT,0.35129704494794667,0.24752468795947813,2.2207390804846474,0.20754471397694677,0.0,0.011774307331862327,-1.0544046651302568,0.005317381869984095,0.010613391578230935,0.004596450089930926,8.0,BTC/USDT
10382,10383,10388,2024-09-26 12:00:00+00:00,2024-09-27 12:00:00+00:00,1,0.018585944803205523,PROFIT,1.5776040786728256,1.4810750968500483,2.0657301091950315,0.19305796364555486,0.4528482711192311,0.0123906298688037,6.415157325391495,0.012967669808937154,0.026996895504227902,0.03275871322968871,10.0,BTC/USDT
10388,10389,10398,2024-09-27 12:00:00+00:00,2024-09-29 04:00:00+00:00,0,-0.01520322269525265,STOP,1.3525793467739387,1.1408137301004446,2.4354271412919086,0.42353123334698795,0.3611535140838082,0.015203279347173203,1.8963348423951196,0.011923076923076925,0.0170389515890641,0.03184008059027765,0.0,ETH/USDT
10400,10401,10403,2024-09-29 12:00:00+00:00,2024-09-30 00:00:00+00:00,0,-0.012236198854587599,STOP,0.7679374330169927,0.40442763634640694,0.815138536463242,0.7270195933411714,0.0,0.01223619885458761,-0.1583313549271086,0.005236589016358373,-0.003207524598498601,-0.006424158412890013,12.0,ETH/USDT
10445,10446,10447,2024-10-07 00:00:00+00:00,2024-10-07 08:00:00+00:00,0,-0.010278167586627363,STOP,2.4983413332621023,0.8857812717316492,0.8958849931335392,1.4333501367938386,0.9136536066334262,0.01027816758662732,1.1706264388765424,0.011311700382888201,0.012922510694752809,0.02697165092813858,7.0,BTC/USDT
10526,10527,10528,2024-10-20 12:00:00+00:00,2024-10-20 20:00:00+00:00,1,0.017509284584017903,PROFIT,1.8478473007639244,1.4077253974216377,2.672383480703966,0.8802438066845731,0.905565455204782,0.011672856389345362,3.4270932126796634,0.021547543112070633,0.025122620963923925,0.020138326140625162,50.0,ETH/USDT
10528,10529,10531,2024-10-20 20:00:00+00:00,2024-10-21 08:00:00+00:00,0,-0.00817958216490311,STOP,1.769210734026522,1.1741549210224795,4.682522528519904,1.1901116260080846,0.3541998886928823,0.008179583349800441,1.3923570133341046,0.007644330343087091,0.00894445937672339,0.008826649909393858,52.0,BTC/USDT
10568,10569,10573,2024-10-27 12:00:00+00:00,2024-10-28 08:00:00+00:00,1,0.014685035153150228,PROFIT,1.1104510446718767,0.606055338197752,0.319066898085083,0.3706576167780835,0.0,0.009790024879560258,-0.33314022627780415,0.009890799731379296,0.0074665360471168896,0.0015065738651836025,0.0,BTC/USDT
10634,10635,10646,2024-11-07 12:00:00+00:00,2024-11-09 12:00:00+00:00,0,0.0034212607783783433,TIME,3.397089758324408,2.284152638287251,1.1129371200371574,2.225874240074315,0.0,0.017192362399350042,0.10452386676974362,0.017575388649559764,0.013480437389346012,0.09218410284091072,7.0,BTC/USDT
10644,10645,10648,2024-11-09 04:00:00+00:00,2024-11-09 20:00:00+00:00,1,0.031888256553504135,PROFIT,4.821711614585361,2.945376980566714,2.0560088776848833,3.752669268037294,0.7779157426638046,0.021258767549953518,0.4624191981824388,0.021878266734108864,0.0272613865950726,0.07449233944027034,17.0,ETH/USDT
10681,10682,10693,2024-11-15 08:00:00+00:00,2024-11-17 08:00:00+00:00,0,0.010507432257454763,TIME,1.3114982345839723,0.7718586278680409,1.9035400951041026,1.0792792134318627,0.44409969243499514,0.024575537913915518,-0.3973866854032454,0.0243031776468976,0.027662681695022062,0.02363264989068581,54.0,BTC/USDT
10700,10701,10701,2024-11-18 12:00:00+00:00,2024-11-18 16:00:00+00:00,0,-0.01855176104554479,STOP,1.5640284893826348,1.2642058270883638,3.0748731605071264,0.599645324588542,0.2172257735668592,0.01855176104554475,2.642244295068007,0.0225353317131749,0.01809811072369283,0.019755703636275213,73.0,BTC/USDT
10738,10739,10742,2024-11-24 20:00:00+00:00,2024-11-25 12:00:00+00:00,0,-0.01282987929053514,STOP,1.2237093349504078,0.8542084846484702,2.1273984984169902,0.739001700603875,0.5127201473668903,0.01282988060104322,-0.08152836785363515,0.01640385872012895,0.006373456093712093,-0.01003074060591358,111.0,BTC/USDT
10763,10764,10775,2024-11-29 00:00:00+00:00,2024-12-01 00:00:00+00:00,0,-0.00262552107948677,TIME,1.183370522413949,0.8158088739588774,0.12663351629991432,0.7351232969101433,0.0,0.015388244795912808,-0.9364299208884019,0.00989482035356537,0.01666422123642497,0.043227632090551804,2.0,BTC/USDT
10805,10806,10809,2024-12-06 00:00:00+00:00,2024-12-06 16:00:00+00:00,1,0.0364279892985373,PROFIT,1.8866390899327812,1.4202753128838708,0.7756393711167161,0.9327275540978209,0.0,0.024285326199024862,-0.5218622416710278,0.03218059811898977,0.004889403292181127,0.06696433448031014,6.0,ETH/USDT
10869,10870,10870,2024-12-16 16:00:00+00:00,2024-12-16 20:00:00+00:00,0,-0.018718497748530738,STOP,1.1912868935902008,1.1511888601962668,2.120916012619658,0.08019606678786806,0.7298632186728236,0.01871854388866241,4.323163105643216,0.02934885479332494,0.02085299231758353,0.05124756744430714,25.0,ETH/USDT
10969,10970,10976,2025-01-02 08:00:00+00:00,2025-01-03 12:00:00+00:00,1,0.021539400591187086,PROFIT,1.6186255832947645,0.9005962126190123,0.6734910861577204,0.08907656903605425,0.25077862904294246,0.014359600394124657,0.5850648668955734,0.01495007382932978,0.03297246144781241,0.022520200428310932,0.0,ETH/USDT
11048,11049,11054,2025-01-15 12:00:00+00:00,2025-01-16 12:00:00+00:00,0,-0.015568148542381532,STOP,2.8966334885078644,1.9478483540634648,0.05711236190054351,1.7833455450877211,0.7284758246562348,0.01556814854238156,4.917913921265106,0.023048674595797625,0.017214853871549085,0.07455916633875637,3.0,BTC/USDT
11048,11049,11049,2025-01-15 12:00:00+00:00,2025-01-15 16:00:00+00:00,1,0.03237351739928784,PROFIT,2.7451973678351216,0.33404811056263917,1.5837409900739474,1.6548165343970698,0.10296574456194502,0.021582344932858568,4.049167367770148,0.04215214401800216,0.028906532049284284,0.09362741882584458,2.0,ETH/USDT
11085,11086,11090,2025-01-21 16:00:00+00:00,2025-01-22 12:00:00+00:00,0,-0.025799913143377706,STOP,0.891700096302712,0.8759227690669635,1.8795624905912718,0.031554654471491445,0.0,0.025799913143377737,0.7172604007165091,0.029711861308601817,0.049439523164496624,0.007828060263653347,1.0,BTC/USDT
11100,11101,11105,2025-01-24 04:00:00+00:00,2025-01-25 00:00:00+00:00,0,-0.025844873621039377,STOP,0.944938137271354,0.6031398272173509,0.31453112526566473,0.05453436957667145,0.0,0.025844797175010006,0.572462119474553,0.02378371176103644,0.054858376651336416,0.028201954337955026,0.0,ETH/USDT
11218,11219,11221,2025-02-12 20:00:00+00:00,2025-02-13 08:00:00+00:00,0,-0.025736682756343443,STOP,1.1427620919187655,0.6181713607057913,0.42916544943295226,0.19085056356003788,0.4995460290060211,0.02573668275634339,1.9861633833480616,0.022524692395302415,0.04232455806446711,0.028964485812737806,6.0,ETH/USDT
11225,11226,11237,2025-02-14 00:00:00+00:00,2025-02-16 00:00:00+00:00,0,-0.006135398598359654,TIME,0.918937445748331,0.42332804716114014,0.24393959946541366,0.5033395982435543,0.0,0.023105683134929896,-0.8525028213716646,0.014769028390766437,0.025468758851186823,0.04953154713130603,13.0,ETH/USDT
11228,11229,11234,2025-02-14 12:00:00+00:00,2025-02-15 12:00:00+00:00,0,-0.02162828526499916,STOP,1.067741077945051,0.7693755490775174,0.22320345599611185,0.15032414574283584,0.22743079417786413,0.02162828526499922,0.6778202713541226,0.01844450817748733,0.006975056989972028,0.04888181364839461,16.0,ETH/USDT
11229,11230,11230,2025-02-14 16:00:00+00:00,2025-02-14 20:00:00+00:00,0,-0.01250002166285169,STOP,1.2116199840173725,0.6757891356820438,0.30525642102229167,0.46114885462607424,0.1419554160202318,0.012500020386563669,1.9312847594912077,0.010483016710241877,0.010277676545315861,0.007565346906837966,4.0,BTC/USDT
11265,11266,11270,2025-02-20 16:00:00+00:00,2025-02-21 12:00:00+00:00,0,-0.01040439634921797,STOP,2.4117998805822327,1.9188161904128314,0.3425974447281886,0.9859673803388033,0.39721987744736975,0.01040439634921804,0.5870379432923309,0.01567565431148865,0.01605154730276026,0.045892348625682144,3.0,BTC/USDT
11325,11326,11328,2025-03-02 16:00:00+00:00,2025-03-03 04:00:00+00:00,0,-0.02377620237897793,STOP,3.099813575310285,2.4167011879352893,0.2378880731607375,1.3662247747499916,1.2560385028049141,0.023776204921289207,4.118432395109702,0.06970319230717759,0.08453409981999815,0.10742464267905771,4.0,BTC/USDT
11408,11409,11409,2025-03-16 12:00:00+00:00,2025-03-16 16:00:00+00:00,1,0.021364980624037466,PROFIT,0.5864891839229315,0.23030038444155626,1.0919534999128464,0.7123775989627504,0.0,0.014243320416024966,0.43405812526307264,0.011052175451480295,-0.011994331000420466,-0.016568391368833035,24.0,BTC/USDT
11411,11412,11418,2025-03-17 00:00:00+00:00,2025-03-18 04:00:00+00:00,0,-0.015429114807180344,STOP,0.8139516516652373,0.4559944063803087,1.138761229184678,0.7159144905698572,0.0,0.01542911296326104,-0.23062909450643165,0.013334862456982677,0.004258478942180455,-0.00966174426711941,27.0,BTC/USDT
11425,11426,11431,2025-03-19 08:00:00+00:00,2025-03-20 08:00:00+00:00,0,-0.01859037057093993,STOP,2.145948843175224,2.066840105460988,1.4862230833102568,0.15821747542846598,1.015880856481194,0.01859046223988589,6.004671361643708,0.04968426501035195,0.049934249355436666,0.061446987579752976,26.0,ETH/USDT
11454,11455,11460,2025-03-24 04:00:00+00:00,2025-03-25 04:00:00+00:00,0,-0.014994358538809482,STOP,1.9602896751634837,1.6566736156429356,1.5399973804556206,0.6072321190411034,0.15599806030567429,0.014994503470651704,3.0779030956023936,0.027143481196139962,0.03649752041276355,0.04280249769431954,0.0,ETH/USDT
11461,11462,11469,2025-03-25 08:00:00+00:00,2025-03-26 16:00:00+00:00,0,-0.010815855383802586,STOP,1.4815986004218815,0.8615259508756411,1.6997658435676568,1.2401452990924962,0.0,0.010815856621733426,0.35363191881491307,0.010801068341014686,-0.0014598021261248428,0.03177185070522559,7.0,BTC/USDT
11510,11511,11512,2025-04-02 12:00:00+00:00,2025-04-02 20:00:00+00:00,0,-0.013664292918931786,STOP,2.068280710777521,1.559361224734905,0.2420491814765113,0.5337406091322092,0.7395893319038723,0.013664292918931828,13.085837879275433,0.025905640870643065,0.026110821998817313,0.040025639310476535,4.0,BTC/USDT
11570,11571,11574,2025-04-12 12:00:00+00:00,2025-04-13 04:00:00+00:00,0,-0.031835364213410045,STOP,2.25445842869617,0.8632178955599237,0.7572719127733679,1.2679372407257528,0.0,0.03183555647104029,0.644237375845984,0.038775202940918074,0.06527920741121962,0.10687977111993474,2.0,ETH/USDT
11620,11621,11621,2025-04-20 20:00:00+00:00,2025-04-21 00:00:00+00:00,1,0.011564310410028478,PROFIT,1.0701274935289655,0.630302345066908,0.18303840613903583,0.5135734846460434,0.10211015244302883,0.007709540273352247,0.38047763044566957,0.006232958829725854,0.012473696903940068,0.008340367984777552,9.0,BTC/USDT
11621,11622,11624,2025-04-21 00:00:00+00:00,2025-04-21 12:00:00+00:00,1,0.013554484070293249,PROFIT,1.9256296224297746,1.8579725026154514,0.5130976883527186,0.13531423962864633,1.6226668392642458,0.009036322713528803,7.428202066675701,0.023788895040622426,0.033919159790317455,0.02735330489206933,10.0,BTC/USDT
11621,11622,11625,2025-04-21 00:00:00+00:00,2025-04-21 16:00:00+00:00,0,-0.016031012561464997,STOP,1.1530906064579736,0.7539071630176223,0.376381138712278,0.04560460945613797,0.7397869073701099,0.016031110638064942,4.011674367921649,0.02972230621913119,0.038792500794407436,0.023019727618666108,8.0,ETH/USDT
11664,11665,11666,2025-04-28 04:00:00+00:00,2025-04-28 12:00:00+00:00,0,-0.009713404749422172,STOP,1.069231847976256,0.8651192591814684,4.395569057251895,0.40822517758957483,0.0,0.00971340474942212,0.7542703360334063,0.008977737117118911,0.0027425648736942865,0.001291948815648425,53.0,BTC/USDT
11683,11684,11690,2025-05-01 08:00:00+00:00,2025-05-02 12:00:00+00:00,1,0.01589442197573021,PROFIT,1.552126097567336,1.5251452919486908,0.8806378941631251,0.05396161123729108,0.37595528963771163,0.010596281317153455,1.552754649939611,0.01214585422238823,0.021322792337425067,0.01104039598972939,0.0,BTC/USDT
11786,11787,11787,2025-05-18 12:00:00+00:00,2025-05-18 16:00:00+00:00,0,-0.008652521133458713,STOP,2.17576355499675,1.8315810498364278,0.6318341394106218,0.6883650103206436,0.4118306120061412,0.00865252113345868,2.5103043762491297,0.01654577134184465,0.021513964279248787,0.012810782684715472,12.0,BTC/USDT
11804,11805,11805,2025-05-21 12:00:00+00:00,2025-05-21 16:00:00+00:00,0,-0.01318242118752,STOP,2.2584592249618534,1.8782520156627187,0.5949360840592094,0.7604144185982791,0.7441530388164708,0.01318241997782776,2.9711942962789633,0.022777954852363003,0.019933437279672228,0.03995689899100463,5.0,BTC/USDT
11821,11822,11824,2025-05-24 08:00:00+00:00,2025-05-24 20:00:00+00:00,0,-0.014790032282645416,STOP,0.697251858700278,0.3203198070097265,1.0532329222018622,0.753864103381112,0.0,0.014790033636937788,0.3583834453992518,0.015065005077250948,0.017613585008334987,-0.015979262217097112,22.0,BTC/USDT
11848,11849,11849,2025-05-28 20:00:00+00:00,2025-05-29 00:00:00+00:00,1,0.029179432276786876,PROFIT,1.800432685356144,1.1031292470061653,0.685130581075695,1.3946068766999575,0.0,0.019453027393534827,0.004104381893267707,0.024375522864706456,0.009262360791723045,0.0459882201505637,8.0,ETH/USDT
11888,11889,11890,2025-06-04 12:00:00+00:00,2025-06-04 20:00:00+00:00,0,-0.017793502750045653,STOP,1.974020622300753,0.8352354890003777,0.5782399539233332,1.1210903587540941,0.2580487954666987,0.01779343605600661,5.397731371733521,0.016586648376771818,0.015232695308040611,0.04855387735370753,8.0,ETH/USDT
11917,11918,11918,2025-06-09 08:00:00+00:00,2025-06-09 12:00:00+00:00,0,-0.008311978018575195,STOP,4.097479091817157,2.815822268796039,1.2816568230211178,2.5633136460422357,0.7356656797593265,0.008311978018575205,4.013191073199388,0.020826877727518234,0.01915381996330412,0.02481407277089187,11.0,BTC/USDT
11920,11921,11923,2025-06-09 20:00:00+00:00,2025-06-10 08:00:00+00:00,1,0.024906095294028985,PROFIT,3.1996998695868832,2.6590384547244628,0.5406614148624205,1.081322829724841,0.5969522230182883,0.01660406352935269,3.5827105541029574,0.03857257448877971,0.05442621144941162,0.061593183951707875,5.0,ETH/USDT
12017,12018,12020,2025-06-26 00:00:00+00:00,2025-06-26 12:00:00+00:00,0,-0.023456680645078998,STOP,2.9527009988588624,1.7630558393476323,0.7778515002650123,2.3792903190224597,0.332997867543524,0.023456774894794308,0.9890911322524681,0.0290635892643758,0.03454324764723493,0.03763586559989318,7.0,ETH/USDT
12037,12038,12038,2025-06-29 08:00:00+00:00,2025-06-29 12:00:00+00:00,0,-0.006887684937714744,STOP,1.6524121165639367,1.3812138141453083,5.491659387828298,0.5423966048372567,0.695912022475117,0.006887685572658282,0.505371356206375,0.010008456066720406,0.0110005154860644,0.013960177073869318,30.0,BTC/USDT
12040,12041,12042,2025-06-29 20:00:00+00:00,2025-06-30 04:00:00+00:00,0,-0.007093344714082961,STOP,1.189545236175475,0.9529534967732803,5.5427467216983795,0.47318347880437045,0.2603780904689997,0.007093344714082952,0.19199323567781873,0.008845994029615056,-0.0011078834972650942,0.012231382322572593,33.0,BTC/USDT
12040,12041,12042,2025-06-29 20:00:00+00:00,2025-06-30 04:00:00+00:00,0,-0.015205288774582049,STOP,1.2186110516354394,1.0248038865426399,3.753493026016902,0.38761433018559893,0.05366360594357823,0.015205288774582024,2.6600989981601817,0.025484421401499757,0.015368057670829494,0.03174354254963552,0.0,ETH/USDT
12045,12046,12048,2025-06-30 16:00:00+00:00,2025-07-01 04:00:00+00:00,0,-0.016247855760064378,STOP,1.5154779652990829,1.335232846091063,3.4908348078717344,0.36049023841603994,0.0,0.01624785576006438,1.1937227262821786,0.01653884385682769,0.01415792210724054,0.033901578977651114,5.0,ETH/USDT
12093,12094,12098,2025-07-08 16:00:00+00:00,2025-07-09 12:00:00+00:00,1,0.021741313484796576,PROFIT,1.569423836807284,1.319943984665147,1.4909328240040842,0.4989597042842735,0.30669636484210644,0.01449420898986444,2.761910897646059,0.017908666968198927,0.022397412098283942,0.02737046744272087,5.0,ETH/USDT
12099,12100,12100,2025-07-09 16:00:00+00:00,2025-07-09 20:00:00+00:00,0,-0.008250706553735387,STOP,2.2074662180274665,2.0266180199431463,1.4440470215982668,0.36169639616865595,1.2471524707557837,0.008250705815417174,4.765585803791652,0.02455897664023854,0.027922798444621755,0.03417946951544315,1.0,BTC/USDT
12134,12135,12136,2025-07-15 12:00:00+00:00,2025-07-15 20:00:00+00:00,1,0.02824323470583434,PROFIT,0.8124777205206707,0.6875181055110102,3.5479183805835497,0.2499192300193129,0.7924736996627889,0.0188288850755673,1.6235502383432499,0.01973090560227564,0.029856358831898966,0.015873387180318277,46.0,ETH/USDT
12178,12179,12181,2025-07-22 20:00:00+00:00,2025-07-23 08:00:00+00:00,0,-0.02274961453500768,STOP,0.9084206662580835,0.5007929996886493,3.605756532434882,0.8152553331388737,0.0,0.02274961453500771,-0.8725258613778633,0.020726729770526475,0.011040941354276246,-0.0027896898599565345,90.0,ETH/USDT
12205,12206,12210,2025-07-27 08:00:00+00:00,2025-07-28 04:00:00+00:00,1,0.029391502972738515,PROFIT,1.9042909532305508,1.2528177153146254,0.7064510112917115,1.3029464758318448,0.3340802652214932,0.01959433531515908,0.09422213990893993,0.012539775637538053,0.019823046697495572,0.025229955634618495,9.0,ETH/USDT
12216,12217,12218,2025-07-29 04:00:00+00:00,2025-07-29 12:00:00+00:00,0,-0.018916179562520452,STOP,1.6358342766910983,1.0991571078608462,1.0200786047369261,1.073354337660498,0.0,0.018916179562520487,0.15538824347108693,0.022537514174951978,0.021067267786040844,0.029020623618302377,20.0,ETH/USDT
12264,12265,12271,2025-08-06 04:00:00+00:00,2025-08-07 08:00:00+00:00,1,0.030659196525702148,PROFIT,1.2677468643184056,0.26157402300414784,0.36191575382254443,1.2885141749834264,0.0,0.02043940819531654,0.1374499176006045,0.015671129515634874,0.01908356338509276,0.02472698402867146,8.0,ETH/USDT
12271,12272,12283,2025-08-07 08:00:00+00:00,2025-08-09 08:00:00+00:00,0,0.005067476236174651,TIME,1.7128147654394943,1.056811420344768,0.4863807364323521,0.33924521732474855,0.8847279331399789,0.008919217175370956,4.260822302188883,0.015084679155022984,0.0132814144811646,0.01473920740118162,14.0,BTC/USDT
12302,12303,12304,2025-08-12 12:00:00+00:00,2025-08-12 20:00:00+00:00,1,0.03215046709606262,PROFIT,3.025831819612309,2.2895585945018717,2.7897435007328153,1.4725464502208843,0.7688973814031911,0.021433644730708343,7.513738323920375,0.04234037297188964,0.04351985142635817,0.060380185588225554,46.0,ETH/USDT
12307,12308,12309,2025-08-13 08:00:00+00:00,2025-08-13 16:00:00+00:00,1,0.013911118270921952,PROFIT,1.102779126376993,1.0433521733212812,1.7091844545708068,0.11885390611141042,0.1490413673664083,0.009274078847281386,0.6531496227738603,0.008279032349783222,0.0036320251505650436,7.357238469252181e-05,0.0,BTC/USDT
12317,12318,12320,2025-08-15 00:00:00+00:00,2025-08-15 12:00:00+00:00,0,-0.023768705862860173,STOP,1.4259406731051771,0.7801254925563846,3.33619734118194,1.2916303610975934,0.06218490282203402,0.023768757149754186,-0.7217153146744716,0.019270526343570404,0.003375284431040626,-0.0026985151710781086,61.0,ETH/USDT
12434,12435,12437,2025-09-03 12:00:00+00:00,2025-09-04 00:00:00+00:00,0,-0.01938693271624703,STOP,1.4448410212691787,0.4923213169931404,0.8496169500518507,0.20580550844837528,0.0,0.01938688944213349,6.664837718848191,0.024824374186493747,0.033450826063086136,0.027056334121196235,0.0,ETH/USDT
12442,12443,12444,2025-09-04 20:00:00+00:00,2025-09-05 04:00:00+00:00,1,0.015942196891432836,PROFIT,0.6931440107806397,0.25254018244166876,0.05371486897277493,0.8812076566779419,0.0,0.010628131260955154,-0.06761163219465757,0.008477960699267761,-0.0007141052251602442,-0.004576950325696605,13.0,BTC/USDT
12468,12469,12470,2025-09-09 04:00:00+00:00,2025-09-09 12:00:00+00:00,0,-0.007896047775550086,STOP,1.4686445518457263,1.313561493153245,1.6805545042103236,0.3101661173849624,0.3630868626458879,0.007896047775550058,1.8969034276011023,0.011486285673362628,0.007973429514053443,0.020204251931904338,4.0,BTC/USDT
12476,12477,12484,2025-09-10 12:00:00+00:00,2025-09-11 20:00:00+00:00,1,0.013158320542018487,PROFIT,1.7110612081213592,1.5133994333791725,0.9904565550260018,0.39532354948435894,0.5105574154777207,0.00877221369467901,5.021404920603979,0.01383793533730504,0.020692023766364143,0.01085164707109687,12.0,BTC/USDT
12476,12477,12477,2025-09-10 12:00:00+00:00,2025-09-10 16:00:00+00:00,0,-0.012569992057032797,STOP,1.0857048919723333,0.7509541613276172,0.149360050846057,0.3707813595973184,0.627691483331909,0.01256999205703273,8.509254805049192,0.016990240827832404,0.01954893483071163,0.007608128757170984,4.0,ETH/USDT
12479,12480,12485,2025-09-11 00:00:00+00:00,2025-09-12 00:00:00+00:00,1,0.019852179856923113,PROFIT,0.8687975693887428,0.6996359573395196,0.06287802313998617,0.21256717781845846,0.14883133717313293,0.013234816622340285,-0.05418160473149213,0.012595072333146495,-0.0001816159277167051,0.022632545633128442,7.0,ETH/USDT
12485,12486,12489,2025-09-12 00:00:00+00:00,2025-09-12 16:00:00+00:00,1,0.020459360372940827,PROFIT,1.589324510298739,1.4923817359555018,0.42857411989344146,0.19388554868648925,0.5195774712177508,0.013639573581960548,2.844969276513497,0.010480351303708169,0.02108319055777641,0.04284517317680625,13.0,ETH/USDT
12521,12522,12529,2025-09-18 00:00:00+00:00,2025-09-19 08:00:00+00:00,0,-0.008640270183748466,STOP,1.4190441296969234,1.3361625464312405,1.8631782871063425,0.16576316653136533,0.2998560745600449,0.008640270918579905,1.1379689638747448,0.009738887683291786,0.014725655126561765,0.019724778797516995,6.0,BTC/USDT
12590,12591,12596,2025-09-29 12:00:00+00:00,2025-09-30 12:00:00+00:00,0,-0.014817579249779556,STOP,2.5036296498548096,0.13319850957449378,1.758722656528858,1.2234169675029158,0.2702860267278012,0.014817614827908844,1.3071629100588045,0.015010199331742635,0.01043233538745203,0.036298308998437445,4.0,ETH/USDT
12632,12633,12638,2025-10-06 12:00:00+00:00,2025-10-07 12:00:00+00:00,0,-0.014644699155540786,STOP,2.317637270048795,1.812599240549137,3.206220743620972,1.0100760589993156,0.9049480791859358,0.0146446991555409,2.1322110435574033,0.022241130780386476,0.030043552240648363,0.04900955095902404,46.0,ETH/USDT
12722,12723,12723,2025-10-21 12:00:00+00:00,2025-10-21 16:00:00+00:00,0,-0.015045614369343818,STOP,2.85944839376044,2.1544463156977756,0.12699729685763636,1.156009562410064,0.5426446576108848,0.015045613042834494,4.02718682127561,0.044599369626140195,0.04000936372000452,0.045497835218510696,10.0,BTC/USDT
12722,12723,12723,2025-10-21 12:00:00+00:00,2025-10-21 16:00:00+00:00,0,-0.0212020685955312,STOP,2.3314172666905515,1.1371667982504812,0.715452518175781,0.9575959005285783,0.0,0.021202068595531188,2.3458182705437607,0.0492510417550327,0.040533719465872586,0.02589069156623469,11.0,ETH/USDT
12754,12755,12756,2025-10-26 20:00:00+00:00,2025-10-27 04:00:00+00:00,1,0.014826523230496713,PROFIT,3.0844437679747054,2.0914382510241425,1.2417503411334772,1.9860110339011259,0.8833746346113744,0.009884349683145374,1.1055104016651087,0.008569806892557708,0.011239773567964129,0.03202120194885105,13.0,BTC/USDT
12836,12837,12839,2025-11-09 12:00:00+00:00,2025-11-10 00:00:00+00:00,1,0.03467069621695251,PROFIT,1.6809009796574919,0.3432934277376466,0.8410965878734189,0.993021928092853,1.3097330362781332,0.023113863226031872,2.106994194254845,0.025417326601271162,0.04138574560104269,0.06610725636235726,6.0,ETH/USDT
12939,12940,12950,2025-11-26 16:00:00+00:00,2025-11-28 12:00:00+00:00,1,0.026579582830561943,PROFIT,1.843192543168836,1.4517544400385196,0.26676585773783773,0.7828762062606333,0.411083407636248,0.01771972385683246,3.6834577679412916,0.03425417921773333,0.022997769376374988,0.018454885234223894,13.0,BTC/USDT
13016,13017,13025,2025-12-09 12:00:00+00:00,2025-12-11 00:00:00+00:00,0,-0.014558613118330288,STOP,1.7851546005211327,1.4553165384810527,1.3017037854311146,0.6596761240801599,0.058676322663342564,0.014558611547949185,2.0791462329176364,0.025700852634659155,0.025468721257815297,0.035207491481166864,3.0,BTC/USDT
13016,13017,13017,2025-12-09 12:00:00+00:00,2025-12-09 16:00:00+00:00,1,0.031245677449684983,PROFIT,2.4208309898811615,1.8001676682147203,2.036660138450541,1.2413266433328827,0.4699529857250299,0.02083045163312338,2.6971256141892392,0.040896628024436055,0.03726759681202574,0.07230567457656223,3.0,ETH/USDT
13091,13092,13096,2025-12-22 00:00:00+00:00,2025-12-22 20:00:00+00:00,0,-0.016056263004997295,STOP,2.1364755272288227,0.931165286469478,0.3354153209535076,1.739789839611665,0.30537274419579474,0.016056316144685345,0.9878385946168814,0.0064956262783060215,0.015746231527424825,0.010741249945641407,10.0,ETH/USDT
13093,13094,13095,2025-12-22 08:00:00+00:00,2025-12-22 16:00:00+00:00,0,-0.011101384738826714,STOP,2.6653728865392723,1.8766972190129225,0.6112128137939639,1.577351335052699,0.3206699686842442,0.011101384738826716,0.8153433676425014,0.008694954923230913,0.014511465633552989,0.01889232224778037,11.0,BTC/USDT
13133,13134,13135,2025-12-29 00:00:00+00:00,2025-12-29 08:00:00+00:00,0,-0.008269092008589718,STOP,2.2965489874935745,2.034915125817429,0.1381233026548249,0.5232677233522902,0.561154850670118,0.008269092008589628,6.187660514573345,0.02468190008016813,0.026040267875673706,0.02981606874859888,0.0,BTC/USDT
13133,13134,13135,2025-12-29 00:00:00+00:00,2025-12-29 08:00:00+00:00,0,-0.011546512185698132,STOP,2.1034468194414724,1.727287645237661,0.191707446005915,0.36890345639579203,0.8048156007832478,0.011546512185698129,4.559747605312912,0.031461481373542544,0.03196856373709078,0.03761846321674511,0.0,ETH/USDT
